CustomerID,Type_of_customers
12346.0,About_to_Churn
12747.0,New_Customers
12748.0,Churned_Customers
12749.0,New_Customers
12820.0,New_Customers
12821.0,About_to_Churn
12822.0,Churned_Customers
12823.0,Churned_Customers
12824.0,Loyal_Customers
12826.0,New_Customers
12827.0,Loyal_Customers
12828.0,New_Customers
12829.0,About_to_Churn
12830.0,Churned_Customers
12831.0,About_to_Churn
12832.0,Loyal_Customers
12833.0,About_to_Churn
12834.0,About_to_Churn
12836.0,New_Customers
12837.0,About_to_Churn
12838.0,Churned_Customers
12839.0,New_Customers
12840.0,Churned_Customers
12841.0,New_Customers
12842.0,Churned_Customers
12843.0,Churned_Customers
12844.0,Loyal_Customers
12845.0,About_to_Churn
12847.0,Churned_Customers
12849.0,Churned_Customers
12851.0,About_to_Churn
12852.0,About_to_Churn
12853.0,Churned_Customers
12854.0,Churned_Customers
12855.0,About_to_Churn
12856.0,New_Customers
12857.0,Churned_Customers
12863.0,Loyal_Customers
12864.0,About_to_Churn
12867.0,New_Customers
12868.0,Churned_Customers
12871.0,About_to_Churn
12872.0,Churned_Customers
12873.0,About_to_Churn
12875.0,About_to_Churn
12877.0,New_Customers
12878.0,Churned_Customers
12879.0,Loyal_Customers
12881.0,About_to_Churn
12882.0,Loyal_Customers
12883.0,Loyal_Customers
12884.0,About_to_Churn
12885.0,Churned_Customers
12886.0,Churned_Customers
12888.0,About_to_Churn
12890.0,Loyal_Customers
12891.0,About_to_Churn
12893.0,Loyal_Customers
12895.0,Loyal_Customers
12897.0,About_to_Churn
12901.0,New_Customers
12902.0,About_to_Churn
12904.0,Loyal_Customers
12906.0,New_Customers
12908.0,About_to_Churn
12909.0,Churned_Customers
12910.0,New_Customers
12912.0,New_Customers
12913.0,New_Customers
12915.0,About_to_Churn
12916.0,Churned_Customers
12917.0,About_to_Churn
12919.0,New_Customers
12920.0,Loyal_Customers
12921.0,New_Customers
12922.0,About_to_Churn
12923.0,Loyal_Customers
12924.0,Churned_Customers
12925.0,Loyal_Customers
12928.0,Churned_Customers
12929.0,About_to_Churn
12930.0,Loyal_Customers
12931.0,Churned_Customers
12933.0,Churned_Customers
12935.0,New_Customers
12936.0,Churned_Customers
12937.0,New_Customers
12938.0,Loyal_Customers
12939.0,Churned_Customers
12940.0,Churned_Customers
12942.0,Churned_Customers
12944.0,Loyal_Customers
12945.0,About_to_Churn
12947.0,Churned_Customers
12948.0,New_Customers
12949.0,New_Customers
12950.0,New_Customers
12951.0,New_Customers
12952.0,New_Customers
12953.0,Loyal_Customers
12955.0,New_Customers
12956.0,About_to_Churn
12957.0,New_Customers
12962.0,Loyal_Customers
12963.0,New_Customers
12965.0,Churned_Customers
12966.0,Loyal_Customers
12967.0,Churned_Customers
12968.0,About_to_Churn
12970.0,New_Customers
12971.0,New_Customers
12974.0,About_to_Churn
12976.0,About_to_Churn
12977.0,About_to_Churn
12980.0,Churned_Customers
12981.0,Loyal_Customers
12982.0,About_to_Churn
12984.0,Loyal_Customers
12985.0,New_Customers
12987.0,Churned_Customers
12988.0,Churned_Customers
12989.0,New_Customers
12990.0,Loyal_Customers
12991.0,Loyal_Customers
12993.0,Loyal_Customers
12994.0,New_Customers
12995.0,About_to_Churn
12997.0,Churned_Customers
12999.0,About_to_Churn
13000.0,Churned_Customers
13001.0,New_Customers
13002.0,About_to_Churn
13003.0,About_to_Churn
13004.0,New_Customers
13005.0,About_to_Churn
13006.0,About_to_Churn
13008.0,About_to_Churn
13011.0,About_to_Churn
13012.0,New_Customers
13013.0,New_Customers
13014.0,New_Customers
13015.0,New_Customers
13016.0,Churned_Customers
13017.0,Loyal_Customers
13018.0,New_Customers
13021.0,New_Customers
13023.0,Churned_Customers
13026.0,New_Customers
13027.0,Churned_Customers
13028.0,Loyal_Customers
13029.0,Loyal_Customers
13030.0,New_Customers
13032.0,Churned_Customers
13033.0,About_to_Churn
13034.0,Churned_Customers
13035.0,Churned_Customers
13037.0,Churned_Customers
13038.0,Churned_Customers
13040.0,Loyal_Customers
13043.0,About_to_Churn
13044.0,About_to_Churn
13045.0,About_to_Churn
13046.0,Loyal_Customers
13047.0,New_Customers
13048.0,New_Customers
13049.0,Loyal_Customers
13050.0,New_Customers
13052.0,About_to_Churn
13055.0,Churned_Customers
13058.0,Loyal_Customers
13059.0,About_to_Churn
13060.0,About_to_Churn
13061.0,About_to_Churn
13062.0,About_to_Churn
13064.0,New_Customers
13065.0,About_to_Churn
13066.0,Loyal_Customers
13067.0,About_to_Churn
13068.0,Loyal_Customers
13069.0,New_Customers
13070.0,About_to_Churn
13072.0,About_to_Churn
13075.0,Churned_Customers
13077.0,New_Customers
13078.0,New_Customers
13079.0,Loyal_Customers
13080.0,About_to_Churn
13081.0,New_Customers
13082.0,Churned_Customers
13083.0,Loyal_Customers
13085.0,About_to_Churn
13089.0,New_Customers
13090.0,New_Customers
13091.0,Loyal_Customers
13092.0,Loyal_Customers
13093.0,Churned_Customers
13094.0,Churned_Customers
13095.0,About_to_Churn
13097.0,New_Customers
13098.0,New_Customers
13099.0,About_to_Churn
13101.0,About_to_Churn
13102.0,New_Customers
13103.0,Loyal_Customers
13104.0,Loyal_Customers
13106.0,About_to_Churn
13107.0,Churned_Customers
13108.0,About_to_Churn
13109.0,Churned_Customers
13110.0,New_Customers
13113.0,New_Customers
13115.0,New_Customers
13116.0,Churned_Customers
13117.0,Churned_Customers
13118.0,New_Customers
13120.0,About_to_Churn
13121.0,About_to_Churn
13122.0,Churned_Customers
13124.0,Churned_Customers
13126.0,New_Customers
13127.0,About_to_Churn
13130.0,About_to_Churn
13131.0,Churned_Customers
13132.0,About_to_Churn
13133.0,About_to_Churn
13134.0,Churned_Customers
13135.0,About_to_Churn
13136.0,Churned_Customers
13137.0,New_Customers
13138.0,Churned_Customers
13139.0,New_Customers
13140.0,Churned_Customers
13141.0,Churned_Customers
13142.0,Loyal_Customers
13144.0,About_to_Churn
13145.0,Loyal_Customers
13146.0,Loyal_Customers
13147.0,Loyal_Customers
13148.0,New_Customers
13149.0,New_Customers
13151.0,Churned_Customers
13153.0,Loyal_Customers
13155.0,Churned_Customers
13157.0,Churned_Customers
13158.0,Churned_Customers
13159.0,New_Customers
13160.0,Loyal_Customers
13161.0,About_to_Churn
13162.0,Churned_Customers
13165.0,Churned_Customers
13166.0,About_to_Churn
13167.0,Churned_Customers
13168.0,Churned_Customers
13169.0,Loyal_Customers
13170.0,Loyal_Customers
13171.0,Loyal_Customers
13173.0,Loyal_Customers
13174.0,New_Customers
13176.0,Churned_Customers
13177.0,Loyal_Customers
13178.0,New_Customers
13182.0,Loyal_Customers
13183.0,New_Customers
13184.0,New_Customers
13185.0,About_to_Churn
13186.0,Churned_Customers
13187.0,About_to_Churn
13188.0,Loyal_Customers
13189.0,Loyal_Customers
13192.0,Churned_Customers
13193.0,Loyal_Customers
13194.0,About_to_Churn
13196.0,New_Customers
13198.0,New_Customers
13199.0,New_Customers
13200.0,Churned_Customers
13203.0,New_Customers
13207.0,Loyal_Customers
13208.0,Churned_Customers
13209.0,New_Customers
13210.0,About_to_Churn
13211.0,New_Customers
13212.0,New_Customers
13213.0,Churned_Customers
13216.0,About_to_Churn
13217.0,About_to_Churn
13218.0,About_to_Churn
13220.0,Churned_Customers
13221.0,Churned_Customers
13223.0,About_to_Churn
13224.0,Churned_Customers
13225.0,New_Customers
13226.0,About_to_Churn
13227.0,About_to_Churn
13228.0,About_to_Churn
13229.0,About_to_Churn
13230.0,New_Customers
13232.0,New_Customers
13233.0,Churned_Customers
13235.0,Churned_Customers
13236.0,Loyal_Customers
13238.0,Loyal_Customers
13239.0,About_to_Churn
13240.0,Churned_Customers
13242.0,About_to_Churn
13243.0,Churned_Customers
13244.0,About_to_Churn
13245.0,Loyal_Customers
13246.0,New_Customers
13247.0,Loyal_Customers
13248.0,About_to_Churn
13249.0,Churned_Customers
13253.0,Churned_Customers
13255.0,Loyal_Customers
13258.0,Loyal_Customers
13259.0,Churned_Customers
13260.0,Loyal_Customers
13261.0,About_to_Churn
13262.0,About_to_Churn
13263.0,New_Customers
13265.0,Churned_Customers
13266.0,New_Customers
13267.0,New_Customers
13268.0,New_Customers
13269.0,New_Customers
13270.0,About_to_Churn
13271.0,Loyal_Customers
13272.0,Loyal_Customers
13273.0,About_to_Churn
13276.0,Churned_Customers
13277.0,Loyal_Customers
13278.0,Churned_Customers
13279.0,About_to_Churn
13280.0,Churned_Customers
13282.0,Churned_Customers
13283.0,About_to_Churn
13284.0,About_to_Churn
13285.0,New_Customers
13291.0,About_to_Churn
13292.0,Loyal_Customers
13294.0,Churned_Customers
13295.0,About_to_Churn
13296.0,About_to_Churn
13297.0,New_Customers
13298.0,Loyal_Customers
13299.0,About_to_Churn
13300.0,About_to_Churn
13301.0,Churned_Customers
13302.0,About_to_Churn
13304.0,About_to_Churn
13305.0,New_Customers
13307.0,About_to_Churn
13308.0,Churned_Customers
13309.0,New_Customers
13310.0,Churned_Customers
13311.0,Loyal_Customers
13313.0,New_Customers
13314.0,New_Customers
13316.0,New_Customers
13317.0,Churned_Customers
13318.0,Loyal_Customers
13319.0,New_Customers
13320.0,Churned_Customers
13321.0,Loyal_Customers
13322.0,Loyal_Customers
13323.0,Loyal_Customers
13324.0,New_Customers
13325.0,Loyal_Customers
13327.0,New_Customers
13328.0,About_to_Churn
13329.0,Loyal_Customers
13330.0,Churned_Customers
13332.0,Loyal_Customers
13334.0,New_Customers
13336.0,Churned_Customers
13338.0,About_to_Churn
13339.0,Churned_Customers
13340.0,New_Customers
13341.0,Churned_Customers
13343.0,About_to_Churn
13344.0,Churned_Customers
13345.0,About_to_Churn
13347.0,About_to_Churn
13348.0,Loyal_Customers
13349.0,Loyal_Customers
13350.0,Loyal_Customers
13351.0,Loyal_Customers
13352.0,Loyal_Customers
13354.0,Churned_Customers
13355.0,Churned_Customers
13356.0,Churned_Customers
13357.0,Churned_Customers
13358.0,About_to_Churn
13359.0,Loyal_Customers
13362.0,New_Customers
13363.0,Churned_Customers
13364.0,About_to_Churn
13365.0,New_Customers
13366.0,About_to_Churn
13368.0,About_to_Churn
13369.0,About_to_Churn
13370.0,Churned_Customers
13372.0,About_to_Churn
13373.0,New_Customers
13375.0,Churned_Customers
13376.0,Churned_Customers
13379.0,Churned_Customers
13381.0,New_Customers
13382.0,About_to_Churn
13384.0,New_Customers
13385.0,About_to_Churn
13388.0,Churned_Customers
13389.0,Loyal_Customers
13390.0,Loyal_Customers
13391.0,About_to_Churn
13394.0,New_Customers
13395.0,About_to_Churn
13396.0,Churned_Customers
13397.0,Churned_Customers
13398.0,About_to_Churn
13402.0,Churned_Customers
13403.0,Loyal_Customers
13404.0,Loyal_Customers
13405.0,Churned_Customers
13408.0,New_Customers
13410.0,Loyal_Customers
13411.0,About_to_Churn
13414.0,Churned_Customers
13416.0,Loyal_Customers
13417.0,Loyal_Customers
13418.0,New_Customers
13419.0,Loyal_Customers
13420.0,About_to_Churn
13421.0,Churned_Customers
13422.0,Churned_Customers
13425.0,Churned_Customers
13426.0,New_Customers
13427.0,Loyal_Customers
13428.0,Loyal_Customers
13429.0,New_Customers
13430.0,Loyal_Customers
13431.0,Churned_Customers
13434.0,Loyal_Customers
13435.0,New_Customers
13436.0,Loyal_Customers
13437.0,New_Customers
13439.0,About_to_Churn
13441.0,About_to_Churn
13447.0,Churned_Customers
13448.0,New_Customers
13449.0,Loyal_Customers
13450.0,New_Customers
13451.0,New_Customers
13452.0,About_to_Churn
13453.0,About_to_Churn
13455.0,Churned_Customers
13456.0,New_Customers
13458.0,New_Customers
13460.0,Loyal_Customers
13461.0,Churned_Customers
13462.0,About_to_Churn
13464.0,Churned_Customers
13466.0,About_to_Churn
13467.0,New_Customers
13468.0,New_Customers
13470.0,About_to_Churn
13471.0,New_Customers
13473.0,Loyal_Customers
13474.0,About_to_Churn
13475.0,Churned_Customers
13476.0,Churned_Customers
13477.0,Churned_Customers
13479.0,About_to_Churn
13481.0,Churned_Customers
13482.0,About_to_Churn
13483.0,About_to_Churn
13484.0,About_to_Churn
13485.0,About_to_Churn
13486.0,Churned_Customers
13487.0,Churned_Customers
13488.0,New_Customers
13489.0,About_to_Churn
13491.0,Churned_Customers
13494.0,About_to_Churn
13495.0,New_Customers
13496.0,Loyal_Customers
13497.0,About_to_Churn
13499.0,Churned_Customers
13500.0,Churned_Customers
13502.0,Loyal_Customers
13503.0,Loyal_Customers
13504.0,Loyal_Customers
13506.0,About_to_Churn
13507.0,New_Customers
13508.0,About_to_Churn
13509.0,Loyal_Customers
13510.0,New_Customers
13512.0,About_to_Churn
13513.0,About_to_Churn
13514.0,About_to_Churn
13515.0,Churned_Customers
13516.0,Churned_Customers
13517.0,Churned_Customers
13518.0,Churned_Customers
13519.0,About_to_Churn
13521.0,New_Customers
13522.0,Loyal_Customers
13523.0,New_Customers
13524.0,Loyal_Customers
13525.0,Loyal_Customers
13527.0,New_Customers
13529.0,About_to_Churn
13531.0,About_to_Churn
13532.0,Loyal_Customers
13533.0,Churned_Customers
13534.0,New_Customers
13536.0,New_Customers
13538.0,Churned_Customers
13539.0,Churned_Customers
13544.0,Loyal_Customers
13546.0,New_Customers
13548.0,Churned_Customers
13549.0,Churned_Customers
13551.0,About_to_Churn
13552.0,Churned_Customers
13555.0,Churned_Customers
13557.0,Loyal_Customers
13558.0,New_Customers
13560.0,Loyal_Customers
13561.0,About_to_Churn
13562.0,Churned_Customers
13563.0,Churned_Customers
13564.0,Churned_Customers
13565.0,Loyal_Customers
13566.0,Churned_Customers
13568.0,About_to_Churn
13569.0,Loyal_Customers
13570.0,About_to_Churn
13571.0,New_Customers
13572.0,Churned_Customers
13573.0,Loyal_Customers
13575.0,Loyal_Customers
13576.0,New_Customers
13577.0,New_Customers
13579.0,Loyal_Customers
13581.0,About_to_Churn
13583.0,Churned_Customers
13584.0,About_to_Churn
13587.0,Loyal_Customers
13588.0,New_Customers
13589.0,Loyal_Customers
13590.0,New_Customers
13591.0,Churned_Customers
13592.0,Loyal_Customers
13593.0,Churned_Customers
13594.0,Loyal_Customers
13596.0,New_Customers
13598.0,Loyal_Customers
13599.0,New_Customers
13600.0,About_to_Churn
13601.0,Churned_Customers
13602.0,Loyal_Customers
13603.0,Loyal_Customers
13606.0,Loyal_Customers
13607.0,Churned_Customers
13610.0,New_Customers
13611.0,Churned_Customers
13614.0,New_Customers
13615.0,About_to_Churn
13617.0,Churned_Customers
13618.0,About_to_Churn
13621.0,About_to_Churn
13623.0,Churned_Customers
13626.0,About_to_Churn
13627.0,Churned_Customers
13629.0,New_Customers
13630.0,New_Customers
13631.0,Churned_Customers
13632.0,New_Customers
13634.0,New_Customers
13635.0,Churned_Customers
13636.0,Churned_Customers
13637.0,Churned_Customers
13638.0,Loyal_Customers
13639.0,Churned_Customers
13642.0,Churned_Customers
13643.0,Loyal_Customers
13644.0,New_Customers
13645.0,About_to_Churn
13647.0,New_Customers
13649.0,About_to_Churn
13650.0,New_Customers
13651.0,Loyal_Customers
13652.0,Churned_Customers
13654.0,New_Customers
13655.0,Churned_Customers
13656.0,Churned_Customers
13657.0,Loyal_Customers
13658.0,New_Customers
13659.0,Churned_Customers
13662.0,Churned_Customers
13663.0,About_to_Churn
13666.0,About_to_Churn
13667.0,Churned_Customers
13668.0,New_Customers
13669.0,Loyal_Customers
13670.0,Loyal_Customers
13672.0,About_to_Churn
13673.0,Loyal_Customers
13675.0,About_to_Churn
13678.0,About_to_Churn
13680.0,New_Customers
13681.0,Churned_Customers
13682.0,About_to_Churn
13684.0,About_to_Churn
13685.0,New_Customers
13686.0,About_to_Churn
13689.0,Loyal_Customers
13690.0,About_to_Churn
13692.0,Churned_Customers
13694.0,New_Customers
13695.0,New_Customers
13697.0,Loyal_Customers
13699.0,About_to_Churn
13700.0,New_Customers
13703.0,About_to_Churn
13704.0,New_Customers
13705.0,Loyal_Customers
13706.0,About_to_Churn
13707.0,Churned_Customers
13708.0,About_to_Churn
13709.0,New_Customers
13710.0,Loyal_Customers
13711.0,About_to_Churn
13712.0,About_to_Churn
13715.0,Churned_Customers
13716.0,About_to_Churn
13717.0,Churned_Customers
13718.0,About_to_Churn
13719.0,New_Customers
13720.0,Churned_Customers
13721.0,Loyal_Customers
13722.0,Churned_Customers
13723.0,About_to_Churn
13725.0,Churned_Customers
13726.0,Churned_Customers
13727.0,Loyal_Customers
13728.0,Churned_Customers
13730.0,Churned_Customers
13731.0,Churned_Customers
13732.0,Loyal_Customers
13735.0,New_Customers
13736.0,New_Customers
13737.0,About_to_Churn
13739.0,Loyal_Customers
13740.0,About_to_Churn
13741.0,Churned_Customers
13742.0,New_Customers
13743.0,New_Customers
13744.0,Churned_Customers
13745.0,About_to_Churn
13747.0,About_to_Churn
13748.0,Churned_Customers
13750.0,Churned_Customers
13751.0,About_to_Churn
13752.0,Churned_Customers
13753.0,Churned_Customers
13754.0,About_to_Churn
13755.0,New_Customers
13756.0,New_Customers
13758.0,New_Customers
13759.0,Loyal_Customers
13760.0,Loyal_Customers
13761.0,Churned_Customers
13762.0,About_to_Churn
13763.0,Churned_Customers
13764.0,Churned_Customers
13767.0,New_Customers
13769.0,New_Customers
13771.0,Churned_Customers
13772.0,New_Customers
13774.0,Loyal_Customers
13777.0,New_Customers
13778.0,About_to_Churn
13780.0,Loyal_Customers
13781.0,About_to_Churn
13782.0,New_Customers
13784.0,New_Customers
13786.0,About_to_Churn
13787.0,Loyal_Customers
13790.0,Loyal_Customers
13791.0,Churned_Customers
13792.0,About_to_Churn
13798.0,New_Customers
13799.0,Churned_Customers
13800.0,About_to_Churn
13801.0,Loyal_Customers
13802.0,Churned_Customers
13803.0,About_to_Churn
13804.0,New_Customers
13805.0,Loyal_Customers
13806.0,Loyal_Customers
13807.0,About_to_Churn
13808.0,New_Customers
13819.0,Churned_Customers
13821.0,Churned_Customers
13822.0,New_Customers
13823.0,Loyal_Customers
13824.0,Churned_Customers
13826.0,About_to_Churn
13827.0,Churned_Customers
13828.0,Loyal_Customers
13831.0,New_Customers
13832.0,Loyal_Customers
13833.0,About_to_Churn
13835.0,Churned_Customers
13837.0,About_to_Churn
13838.0,New_Customers
13841.0,About_to_Churn
13842.0,New_Customers
13844.0,Loyal_Customers
13845.0,Loyal_Customers
13846.0,Churned_Customers
13848.0,About_to_Churn
13849.0,Churned_Customers
13850.0,Churned_Customers
13851.0,Churned_Customers
13853.0,Churned_Customers
13854.0,New_Customers
13856.0,About_to_Churn
13858.0,Loyal_Customers
13859.0,About_to_Churn
13860.0,New_Customers
13862.0,New_Customers
13863.0,About_to_Churn
13865.0,Loyal_Customers
13866.0,About_to_Churn
13867.0,Churned_Customers
13868.0,New_Customers
13869.0,Churned_Customers
13870.0,New_Customers
13871.0,New_Customers
13873.0,About_to_Churn
13874.0,About_to_Churn
13875.0,Churned_Customers
13876.0,About_to_Churn
13877.0,About_to_Churn
13878.0,Churned_Customers
13880.0,New_Customers
13881.0,New_Customers
13882.0,New_Customers
13883.0,New_Customers
13884.0,New_Customers
13885.0,About_to_Churn
13886.0,Loyal_Customers
13887.0,About_to_Churn
13888.0,Churned_Customers
13889.0,About_to_Churn
13890.0,New_Customers
13892.0,Loyal_Customers
13893.0,About_to_Churn
13894.0,Loyal_Customers
13895.0,New_Customers
13897.0,Loyal_Customers
13898.0,About_to_Churn
13899.0,Loyal_Customers
13900.0,Churned_Customers
13901.0,Churned_Customers
13904.0,Loyal_Customers
13908.0,Churned_Customers
13911.0,Churned_Customers
13914.0,Loyal_Customers
13917.0,Loyal_Customers
13918.0,Churned_Customers
13922.0,About_to_Churn
13923.0,Loyal_Customers
13924.0,New_Customers
13925.0,Churned_Customers
13926.0,Loyal_Customers
13927.0,Loyal_Customers
13928.0,Loyal_Customers
13929.0,About_to_Churn
13930.0,Loyal_Customers
13931.0,Churned_Customers
13932.0,About_to_Churn
13933.0,Churned_Customers
13934.0,Churned_Customers
13936.0,About_to_Churn
13937.0,About_to_Churn
13938.0,Loyal_Customers
13939.0,Loyal_Customers
13940.0,Loyal_Customers
13941.0,New_Customers
13946.0,Loyal_Customers
13947.0,About_to_Churn
13948.0,About_to_Churn
13949.0,New_Customers
13950.0,Loyal_Customers
13951.0,Churned_Customers
13952.0,Churned_Customers
13953.0,New_Customers
13954.0,Loyal_Customers
13955.0,About_to_Churn
13956.0,New_Customers
13959.0,Churned_Customers
13960.0,Loyal_Customers
13962.0,Loyal_Customers
13963.0,About_to_Churn
13967.0,About_to_Churn
13969.0,New_Customers
13971.0,New_Customers
13972.0,About_to_Churn
13973.0,About_to_Churn
13974.0,Loyal_Customers
13975.0,New_Customers
13976.0,About_to_Churn
13978.0,Loyal_Customers
13979.0,Churned_Customers
13980.0,Loyal_Customers
13982.0,Churned_Customers
13983.0,New_Customers
13984.0,Loyal_Customers
13985.0,New_Customers
13986.0,Loyal_Customers
13988.0,New_Customers
13989.0,Churned_Customers
13990.0,About_to_Churn
13991.0,New_Customers
13992.0,Loyal_Customers
13993.0,New_Customers
13994.0,New_Customers
13995.0,New_Customers
13999.0,New_Customers
14000.0,About_to_Churn
14001.0,Churned_Customers
14002.0,Churned_Customers
14004.0,New_Customers
14005.0,New_Customers
14006.0,Churned_Customers
14009.0,Churned_Customers
14012.0,About_to_Churn
14013.0,Churned_Customers
14014.0,Churned_Customers
14015.0,Churned_Customers
14019.0,Churned_Customers
14020.0,Loyal_Customers
14021.0,About_to_Churn
14022.0,About_to_Churn
14023.0,Loyal_Customers
14024.0,About_to_Churn
14027.0,About_to_Churn
14029.0,Loyal_Customers
14030.0,New_Customers
14031.0,New_Customers
14032.0,New_Customers
14034.0,Churned_Customers
14035.0,Churned_Customers
14036.0,Churned_Customers
14037.0,About_to_Churn
14038.0,Churned_Customers
14039.0,Loyal_Customers
14040.0,New_Customers
14041.0,About_to_Churn
14044.0,New_Customers
14045.0,Churned_Customers
14046.0,About_to_Churn
14047.0,Loyal_Customers
14048.0,Churned_Customers
14049.0,New_Customers
14050.0,Churned_Customers
14051.0,New_Customers
14052.0,Loyal_Customers
14053.0,About_to_Churn
14054.0,About_to_Churn
14055.0,About_to_Churn
14056.0,New_Customers
14057.0,New_Customers
14059.0,About_to_Churn
14060.0,New_Customers
14062.0,New_Customers
14064.0,Churned_Customers
14066.0,About_to_Churn
14067.0,Churned_Customers
14068.0,About_to_Churn
14071.0,New_Customers
14073.0,Loyal_Customers
14075.0,New_Customers
14076.0,About_to_Churn
14077.0,Loyal_Customers
14078.0,Churned_Customers
14079.0,About_to_Churn
14080.0,Loyal_Customers
14081.0,Churned_Customers
14082.0,About_to_Churn
14083.0,New_Customers
14085.0,New_Customers
14087.0,Loyal_Customers
14088.0,New_Customers
14089.0,Loyal_Customers
14090.0,About_to_Churn
14092.0,New_Customers
14093.0,Loyal_Customers
14096.0,New_Customers
14098.0,Loyal_Customers
14099.0,New_Customers
14100.0,About_to_Churn
14101.0,Churned_Customers
14102.0,New_Customers
14104.0,About_to_Churn
14105.0,Churned_Customers
14107.0,Churned_Customers
14108.0,Loyal_Customers
14109.0,About_to_Churn
14110.0,New_Customers
14111.0,Loyal_Customers
14112.0,New_Customers
14113.0,New_Customers
14114.0,About_to_Churn
14116.0,New_Customers
14117.0,About_to_Churn
14121.0,New_Customers
14124.0,About_to_Churn
14125.0,New_Customers
14126.0,Loyal_Customers
14127.0,Churned_Customers
14128.0,Churned_Customers
14129.0,New_Customers
14130.0,Churned_Customers
14132.0,New_Customers
14133.0,Churned_Customers
14135.0,New_Customers
14138.0,New_Customers
14139.0,Loyal_Customers
14140.0,New_Customers
14141.0,New_Customers
14142.0,About_to_Churn
14143.0,About_to_Churn
14145.0,Churned_Customers
14146.0,New_Customers
14147.0,About_to_Churn
14148.0,About_to_Churn
14149.0,About_to_Churn
14150.0,Loyal_Customers
14152.0,Churned_Customers
14154.0,Churned_Customers
14155.0,About_to_Churn
14157.0,Loyal_Customers
14158.0,Loyal_Customers
14159.0,New_Customers
14161.0,Churned_Customers
14162.0,About_to_Churn
14163.0,Churned_Customers
14164.0,Churned_Customers
14165.0,About_to_Churn
14167.0,Churned_Customers
14171.0,Churned_Customers
14173.0,Loyal_Customers
14174.0,Loyal_Customers
14175.0,New_Customers
14176.0,About_to_Churn
14177.0,Churned_Customers
14178.0,New_Customers
14179.0,Churned_Customers
14180.0,New_Customers
14184.0,Loyal_Customers
14185.0,About_to_Churn
14188.0,Churned_Customers
14189.0,New_Customers
14191.0,New_Customers
14193.0,Churned_Customers
14194.0,New_Customers
14195.0,About_to_Churn
14196.0,About_to_Churn
14198.0,Loyal_Customers
14199.0,About_to_Churn
14201.0,Churned_Customers
14204.0,Loyal_Customers
14205.0,Loyal_Customers
14206.0,About_to_Churn
14208.0,About_to_Churn
14209.0,New_Customers
14210.0,Churned_Customers
14211.0,Churned_Customers
14212.0,Churned_Customers
14214.0,Churned_Customers
14215.0,New_Customers
14216.0,New_Customers
14217.0,New_Customers
14218.0,Loyal_Customers
14219.0,Loyal_Customers
14220.0,About_to_Churn
14221.0,New_Customers
14222.0,Churned_Customers
14223.0,Churned_Customers
14224.0,Churned_Customers
14226.0,New_Customers
14227.0,New_Customers
14229.0,Churned_Customers
14231.0,Churned_Customers
14232.0,Churned_Customers
14233.0,Churned_Customers
14234.0,New_Customers
14235.0,Churned_Customers
14236.0,Loyal_Customers
14237.0,About_to_Churn
14238.0,About_to_Churn
14239.0,Churned_Customers
14240.0,Churned_Customers
14241.0,About_to_Churn
14242.0,About_to_Churn
14243.0,New_Customers
14245.0,Churned_Customers
14246.0,Churned_Customers
14247.0,About_to_Churn
14248.0,About_to_Churn
14250.0,New_Customers
14251.0,New_Customers
14256.0,Churned_Customers
14257.0,Churned_Customers
14258.0,New_Customers
14259.0,About_to_Churn
14261.0,Churned_Customers
14262.0,New_Customers
14264.0,About_to_Churn
14267.0,Churned_Customers
14270.0,About_to_Churn
14271.0,About_to_Churn
14272.0,Churned_Customers
14273.0,Loyal_Customers
14276.0,Churned_Customers
14280.0,About_to_Churn
14282.0,New_Customers
14284.0,Loyal_Customers
14285.0,Churned_Customers
14286.0,New_Customers
14287.0,Loyal_Customers
14288.0,About_to_Churn
14289.0,Loyal_Customers
14290.0,New_Customers
14291.0,New_Customers
14292.0,New_Customers
14293.0,New_Customers
14295.0,Loyal_Customers
14297.0,New_Customers
14298.0,New_Customers
14299.0,New_Customers
14300.0,Loyal_Customers
14301.0,About_to_Churn
14304.0,About_to_Churn
14305.0,Churned_Customers
14306.0,Churned_Customers
14307.0,Churned_Customers
14309.0,New_Customers
14311.0,About_to_Churn
14312.0,Churned_Customers
14314.0,About_to_Churn
14315.0,Churned_Customers
14317.0,Loyal_Customers
14320.0,About_to_Churn
14321.0,New_Customers
14323.0,Churned_Customers
14326.0,About_to_Churn
14327.0,About_to_Churn
14329.0,New_Customers
14331.0,About_to_Churn
14332.0,Loyal_Customers
14333.0,Loyal_Customers
14334.0,New_Customers
14336.0,New_Customers
14338.0,Churned_Customers
14339.0,About_to_Churn
14340.0,About_to_Churn
14341.0,Churned_Customers
14342.0,Loyal_Customers
14344.0,Churned_Customers
14345.0,Loyal_Customers
14346.0,Churned_Customers
14348.0,About_to_Churn
14349.0,Loyal_Customers
14350.0,About_to_Churn
14351.0,About_to_Churn
14352.0,Churned_Customers
14353.0,About_to_Churn
14354.0,Loyal_Customers
14355.0,About_to_Churn
14356.0,Churned_Customers
14357.0,Loyal_Customers
14359.0,Churned_Customers
14360.0,New_Customers
14362.0,Loyal_Customers
14364.0,Churned_Customers
14367.0,New_Customers
14368.0,About_to_Churn
14371.0,About_to_Churn
14373.0,About_to_Churn
14375.0,About_to_Churn
14377.0,About_to_Churn
14379.0,Loyal_Customers
14381.0,Loyal_Customers
14382.0,Churned_Customers
14383.0,Churned_Customers
14385.0,Loyal_Customers
14386.0,About_to_Churn
14387.0,New_Customers
14388.0,New_Customers
14389.0,Churned_Customers
14390.0,New_Customers
14393.0,About_to_Churn
14395.0,New_Customers
14396.0,Churned_Customers
14397.0,New_Customers
14400.0,About_to_Churn
14401.0,New_Customers
14403.0,Churned_Customers
14404.0,Churned_Customers
14406.0,About_to_Churn
14407.0,Churned_Customers
14408.0,New_Customers
14409.0,Churned_Customers
14410.0,Churned_Customers
14411.0,About_to_Churn
14412.0,Churned_Customers
14413.0,About_to_Churn
14414.0,Churned_Customers
14415.0,New_Customers
14416.0,Loyal_Customers
14418.0,New_Customers
14419.0,New_Customers
14420.0,About_to_Churn
14421.0,Churned_Customers
14422.0,New_Customers
14423.0,About_to_Churn
14424.0,Loyal_Customers
14426.0,New_Customers
14427.0,Loyal_Customers
14428.0,New_Customers
14431.0,About_to_Churn
14432.0,New_Customers
14434.0,Loyal_Customers
14436.0,About_to_Churn
14437.0,About_to_Churn
14438.0,About_to_Churn
14440.0,New_Customers
14441.0,Churned_Customers
14443.0,Churned_Customers
14446.0,New_Customers
14447.0,New_Customers
14448.0,Loyal_Customers
14449.0,New_Customers
14450.0,Churned_Customers
14451.0,Churned_Customers
14452.0,Loyal_Customers
14453.0,About_to_Churn
14456.0,New_Customers
14457.0,About_to_Churn
14459.0,Churned_Customers
14460.0,About_to_Churn
14461.0,Churned_Customers
14462.0,Churned_Customers
14463.0,About_to_Churn
14465.0,Churned_Customers
14466.0,New_Customers
14467.0,Churned_Customers
14470.0,Loyal_Customers
14472.0,Churned_Customers
14473.0,About_to_Churn
14474.0,Loyal_Customers
14475.0,Churned_Customers
14476.0,About_to_Churn
14477.0,Loyal_Customers
14479.0,About_to_Churn
14480.0,Loyal_Customers
14481.0,Churned_Customers
14482.0,New_Customers
14483.0,About_to_Churn
14484.0,Loyal_Customers
14485.0,Loyal_Customers
14487.0,New_Customers
14488.0,Churned_Customers
14489.0,About_to_Churn
14491.0,About_to_Churn
14493.0,New_Customers
14494.0,Loyal_Customers
14495.0,About_to_Churn
14496.0,About_to_Churn
14497.0,About_to_Churn
14498.0,New_Customers
14499.0,New_Customers
14500.0,About_to_Churn
14501.0,About_to_Churn
14502.0,New_Customers
14503.0,New_Customers
14504.0,Churned_Customers
14505.0,New_Customers
14506.0,New_Customers
14507.0,New_Customers
14508.0,Loyal_Customers
14511.0,New_Customers
14512.0,About_to_Churn
14513.0,About_to_Churn
14514.0,Churned_Customers
14515.0,New_Customers
14517.0,Loyal_Customers
14518.0,Loyal_Customers
14520.0,Loyal_Customers
14522.0,Loyal_Customers
14523.0,About_to_Churn
14524.0,New_Customers
14525.0,New_Customers
14527.0,New_Customers
14528.0,Loyal_Customers
14529.0,Churned_Customers
14530.0,New_Customers
14532.0,Churned_Customers
14533.0,New_Customers
14534.0,New_Customers
14535.0,New_Customers
14536.0,About_to_Churn
14537.0,Loyal_Customers
14538.0,Loyal_Customers
14539.0,Loyal_Customers
14540.0,New_Customers
14541.0,Churned_Customers
14542.0,About_to_Churn
14543.0,New_Customers
14544.0,New_Customers
14546.0,New_Customers
14547.0,New_Customers
14548.0,About_to_Churn
14549.0,About_to_Churn
14550.0,Loyal_Customers
14551.0,Loyal_Customers
14552.0,About_to_Churn
14553.0,New_Customers
14554.0,New_Customers
14555.0,Loyal_Customers
14557.0,Churned_Customers
14560.0,New_Customers
14561.0,Churned_Customers
14562.0,New_Customers
14565.0,Churned_Customers
14567.0,Churned_Customers
14569.0,Loyal_Customers
14570.0,About_to_Churn
14572.0,New_Customers
14573.0,Churned_Customers
14576.0,About_to_Churn
14577.0,New_Customers
14578.0,Loyal_Customers
14581.0,Loyal_Customers
14582.0,Loyal_Customers
14583.0,New_Customers
14584.0,Churned_Customers
14585.0,Loyal_Customers
14586.0,About_to_Churn
14587.0,New_Customers
14589.0,About_to_Churn
14591.0,New_Customers
14592.0,Churned_Customers
14593.0,New_Customers
14594.0,Loyal_Customers
14595.0,New_Customers
14597.0,Loyal_Customers
14598.0,Loyal_Customers
14600.0,About_to_Churn
14601.0,Loyal_Customers
14603.0,About_to_Churn
14606.0,New_Customers
14607.0,New_Customers
14608.0,Loyal_Customers
14609.0,About_to_Churn
14616.0,About_to_Churn
14618.0,Loyal_Customers
14619.0,About_to_Churn
14620.0,About_to_Churn
14621.0,New_Customers
14622.0,About_to_Churn
14623.0,Churned_Customers
14624.0,Loyal_Customers
14625.0,Churned_Customers
14626.0,New_Customers
14628.0,Churned_Customers
14629.0,New_Customers
14631.0,Churned_Customers
14632.0,About_to_Churn
14633.0,About_to_Churn
14636.0,Loyal_Customers
14638.0,Loyal_Customers
14639.0,New_Customers
14640.0,New_Customers
14641.0,Loyal_Customers
14642.0,About_to_Churn
14643.0,Churned_Customers
14644.0,Churned_Customers
14645.0,Churned_Customers
14647.0,About_to_Churn
14649.0,New_Customers
14651.0,Churned_Customers
14652.0,About_to_Churn
14653.0,New_Customers
14655.0,New_Customers
14656.0,Churned_Customers
14657.0,New_Customers
14658.0,Loyal_Customers
14659.0,New_Customers
14660.0,Loyal_Customers
14661.0,Loyal_Customers
14662.0,Churned_Customers
14664.0,Churned_Customers
14665.0,Churned_Customers
14666.0,Loyal_Customers
14667.0,New_Customers
14669.0,Churned_Customers
14670.0,Churned_Customers
14672.0,Churned_Customers
14673.0,New_Customers
14675.0,Churned_Customers
14676.0,Churned_Customers
14680.0,New_Customers
14681.0,Loyal_Customers
14682.0,About_to_Churn
14684.0,New_Customers
14687.0,About_to_Churn
14688.0,New_Customers
14689.0,About_to_Churn
14690.0,Loyal_Customers
14691.0,Churned_Customers
14692.0,Churned_Customers
14693.0,About_to_Churn
14696.0,New_Customers
14697.0,About_to_Churn
14698.0,New_Customers
14699.0,About_to_Churn
14700.0,New_Customers
14701.0,New_Customers
14702.0,New_Customers
14703.0,Loyal_Customers
14704.0,New_Customers
14705.0,About_to_Churn
14708.0,Loyal_Customers
14709.0,New_Customers
14710.0,New_Customers
14711.0,New_Customers
14712.0,Loyal_Customers
14713.0,New_Customers
14714.0,Loyal_Customers
14715.0,Churned_Customers
14716.0,Loyal_Customers
14719.0,New_Customers
14720.0,Loyal_Customers
14722.0,About_to_Churn
14723.0,New_Customers
14725.0,Churned_Customers
14727.0,About_to_Churn
14729.0,Churned_Customers
14730.0,New_Customers
14731.0,Loyal_Customers
14732.0,New_Customers
14733.0,New_Customers
14735.0,New_Customers
14737.0,Loyal_Customers
14738.0,Churned_Customers
14739.0,New_Customers
14740.0,Churned_Customers
14741.0,New_Customers
14744.0,Loyal_Customers
14745.0,Churned_Customers
14747.0,About_to_Churn
14748.0,Churned_Customers
14752.0,Loyal_Customers
14753.0,Churned_Customers
14754.0,Churned_Customers
14755.0,New_Customers
14756.0,Loyal_Customers
14757.0,Loyal_Customers
14758.0,Churned_Customers
14759.0,New_Customers
14760.0,About_to_Churn
14761.0,Loyal_Customers
14762.0,About_to_Churn
14764.0,Loyal_Customers
14765.0,Loyal_Customers
14766.0,New_Customers
14768.0,Loyal_Customers
14769.0,New_Customers
14770.0,Churned_Customers
14772.0,About_to_Churn
14775.0,Churned_Customers
14776.0,Churned_Customers
14778.0,Churned_Customers
14779.0,About_to_Churn
14780.0,Loyal_Customers
14782.0,About_to_Churn
14784.0,Loyal_Customers
14785.0,Loyal_Customers
14788.0,Loyal_Customers
14789.0,Loyal_Customers
14790.0,Loyal_Customers
14792.0,Loyal_Customers
14793.0,Loyal_Customers
14794.0,New_Customers
14795.0,About_to_Churn
14796.0,New_Customers
14798.0,Loyal_Customers
14799.0,Loyal_Customers
14800.0,New_Customers
14801.0,Loyal_Customers
14803.0,Churned_Customers
14804.0,Loyal_Customers
14805.0,Loyal_Customers
14806.0,About_to_Churn
14808.0,New_Customers
14810.0,New_Customers
14813.0,About_to_Churn
14815.0,Churned_Customers
14816.0,About_to_Churn
14817.0,Churned_Customers
14818.0,Churned_Customers
14819.0,Loyal_Customers
14820.0,Loyal_Customers
14821.0,About_to_Churn
14823.0,Churned_Customers
14824.0,Loyal_Customers
14825.0,New_Customers
14828.0,Churned_Customers
14829.0,Churned_Customers
14830.0,Loyal_Customers
14834.0,New_Customers
14836.0,Loyal_Customers
14837.0,Churned_Customers
14840.0,About_to_Churn
14841.0,New_Customers
14842.0,New_Customers
14844.0,Churned_Customers
14847.0,About_to_Churn
14849.0,New_Customers
14850.0,About_to_Churn
14851.0,Loyal_Customers
14852.0,Churned_Customers
14853.0,Loyal_Customers
14854.0,Churned_Customers
14855.0,Churned_Customers
14856.0,Churned_Customers
14857.0,Churned_Customers
14859.0,New_Customers
14860.0,Loyal_Customers
14861.0,About_to_Churn
14862.0,Churned_Customers
14863.0,Loyal_Customers
14865.0,Loyal_Customers
14866.0,New_Customers
14867.0,Churned_Customers
14868.0,New_Customers
14869.0,New_Customers
14870.0,About_to_Churn
14871.0,New_Customers
14873.0,About_to_Churn
14875.0,Churned_Customers
14878.0,New_Customers
14880.0,Churned_Customers
14881.0,Loyal_Customers
14882.0,Loyal_Customers
14883.0,Loyal_Customers
14885.0,About_to_Churn
14886.0,About_to_Churn
14887.0,Churned_Customers
14888.0,About_to_Churn
14889.0,About_to_Churn
14890.0,About_to_Churn
14891.0,Churned_Customers
14893.0,New_Customers
14894.0,Churned_Customers
14895.0,New_Customers
14896.0,Churned_Customers
14897.0,New_Customers
14898.0,New_Customers
14901.0,New_Customers
14902.0,Loyal_Customers
14903.0,New_Customers
14904.0,New_Customers
14905.0,About_to_Churn
14907.0,New_Customers
14908.0,About_to_Churn
14910.0,Loyal_Customers
14913.0,Churned_Customers
14915.0,About_to_Churn
14916.0,Churned_Customers
14918.0,Churned_Customers
14920.0,Churned_Customers
14921.0,Churned_Customers
14923.0,Churned_Customers
14924.0,About_to_Churn
14929.0,Loyal_Customers
14944.0,New_Customers
14946.0,Loyal_Customers
14947.0,Loyal_Customers
14948.0,Churned_Customers
14950.0,Loyal_Customers
14951.0,Loyal_Customers
14952.0,New_Customers
14953.0,Loyal_Customers
14954.0,Loyal_Customers
14957.0,About_to_Churn
14958.0,Churned_Customers
14959.0,Churned_Customers
14960.0,Loyal_Customers
14961.0,New_Customers
14962.0,About_to_Churn
14963.0,New_Customers
14964.0,About_to_Churn
14965.0,Churned_Customers
14966.0,Loyal_Customers
14967.0,Loyal_Customers
14968.0,Loyal_Customers
14970.0,Churned_Customers
14971.0,Churned_Customers
14972.0,About_to_Churn
14973.0,Churned_Customers
14974.0,Loyal_Customers
14975.0,Loyal_Customers
14976.0,Churned_Customers
14978.0,Churned_Customers
14981.0,About_to_Churn
14984.0,Loyal_Customers
14985.0,Churned_Customers
14987.0,Loyal_Customers
14988.0,About_to_Churn
14995.0,Loyal_Customers
14997.0,Loyal_Customers
14998.0,Churned_Customers
15000.0,Churned_Customers
15002.0,Churned_Customers
15004.0,Churned_Customers
15005.0,New_Customers
15006.0,Churned_Customers
15007.0,About_to_Churn
15009.0,New_Customers
15010.0,Loyal_Customers
15012.0,Churned_Customers
15014.0,Loyal_Customers
15016.0,About_to_Churn
15017.0,Loyal_Customers
15018.0,Loyal_Customers
15019.0,About_to_Churn
15021.0,New_Customers
15022.0,New_Customers
15023.0,New_Customers
15024.0,New_Customers
15025.0,Loyal_Customers
15026.0,Churned_Customers
15027.0,Churned_Customers
15028.0,Loyal_Customers
15030.0,Loyal_Customers
15031.0,New_Customers
15032.0,Churned_Customers
15033.0,New_Customers
15034.0,New_Customers
15035.0,About_to_Churn
15036.0,Churned_Customers
15038.0,Churned_Customers
15039.0,New_Customers
15041.0,About_to_Churn
15042.0,About_to_Churn
15043.0,Loyal_Customers
15044.0,New_Customers
15045.0,About_to_Churn
15046.0,New_Customers
15047.0,About_to_Churn
15048.0,Churned_Customers
15049.0,About_to_Churn
15050.0,New_Customers
15051.0,New_Customers
15052.0,About_to_Churn
15053.0,New_Customers
15054.0,Loyal_Customers
15057.0,Churned_Customers
15058.0,New_Customers
15059.0,New_Customers
15060.0,Loyal_Customers
15061.0,New_Customers
15062.0,Churned_Customers
15063.0,About_to_Churn
15065.0,New_Customers
15066.0,Churned_Customers
15067.0,Churned_Customers
15068.0,Churned_Customers
15069.0,Churned_Customers
15070.0,About_to_Churn
15071.0,Churned_Customers
15073.0,New_Customers
15074.0,Churned_Customers
15075.0,Churned_Customers
15076.0,Churned_Customers
15078.0,New_Customers
15079.0,Churned_Customers
15081.0,Loyal_Customers
15083.0,About_to_Churn
15087.0,About_to_Churn
15088.0,Churned_Customers
15089.0,New_Customers
15090.0,About_to_Churn
15091.0,Loyal_Customers
15092.0,About_to_Churn
15093.0,New_Customers
15095.0,Churned_Customers
15096.0,Loyal_Customers
15097.0,Loyal_Customers
15098.0,About_to_Churn
15099.0,Loyal_Customers
15100.0,About_to_Churn
15101.0,Loyal_Customers
15103.0,Loyal_Customers
15104.0,Churned_Customers
15105.0,New_Customers
15106.0,New_Customers
15107.0,About_to_Churn
15109.0,About_to_Churn
15110.0,Churned_Customers
15111.0,Churned_Customers
15113.0,New_Customers
15114.0,New_Customers
15115.0,Loyal_Customers
15116.0,Churned_Customers
15117.0,New_Customers
15118.0,About_to_Churn
15119.0,About_to_Churn
15120.0,About_to_Churn
15121.0,Loyal_Customers
15122.0,Churned_Customers
15123.0,New_Customers
15124.0,Loyal_Customers
15125.0,New_Customers
15127.0,Loyal_Customers
15128.0,Churned_Customers
15129.0,Churned_Customers
15130.0,About_to_Churn
15132.0,Churned_Customers
15133.0,Churned_Customers
15134.0,New_Customers
15135.0,About_to_Churn
15136.0,New_Customers
15139.0,About_to_Churn
15140.0,Churned_Customers
15142.0,Loyal_Customers
15143.0,About_to_Churn
15144.0,New_Customers
15145.0,New_Customers
15146.0,Churned_Customers
15147.0,About_to_Churn
15148.0,Loyal_Customers
15149.0,About_to_Churn
15150.0,New_Customers
15152.0,New_Customers
15153.0,Loyal_Customers
15154.0,Churned_Customers
15156.0,New_Customers
15157.0,New_Customers
15158.0,Loyal_Customers
15159.0,New_Customers
15160.0,About_to_Churn
15163.0,Loyal_Customers
15164.0,Churned_Customers
15165.0,About_to_Churn
15167.0,About_to_Churn
15168.0,Loyal_Customers
15171.0,About_to_Churn
15172.0,New_Customers
15174.0,About_to_Churn
15175.0,Loyal_Customers
15178.0,About_to_Churn
15179.0,New_Customers
15180.0,About_to_Churn
15181.0,Loyal_Customers
15182.0,Churned_Customers
15184.0,Loyal_Customers
15185.0,Loyal_Customers
15186.0,Loyal_Customers
15187.0,New_Customers
15189.0,New_Customers
15192.0,Churned_Customers
15193.0,Loyal_Customers
15194.0,New_Customers
15195.0,Loyal_Customers
15197.0,Loyal_Customers
15198.0,About_to_Churn
15199.0,Churned_Customers
15201.0,Churned_Customers
15203.0,New_Customers
15204.0,About_to_Churn
15205.0,Churned_Customers
15206.0,Loyal_Customers
15208.0,New_Customers
15210.0,About_to_Churn
15211.0,Churned_Customers
15212.0,About_to_Churn
15213.0,About_to_Churn
15214.0,New_Customers
15215.0,Churned_Customers
15216.0,About_to_Churn
15218.0,New_Customers
15219.0,About_to_Churn
15220.0,Churned_Customers
15221.0,About_to_Churn
15222.0,About_to_Churn
15223.0,About_to_Churn
15224.0,About_to_Churn
15225.0,About_to_Churn
15226.0,About_to_Churn
15227.0,Churned_Customers
15228.0,Churned_Customers
15230.0,About_to_Churn
15232.0,Churned_Customers
15234.0,About_to_Churn
15235.0,Churned_Customers
15236.0,About_to_Churn
15237.0,New_Customers
15238.0,Churned_Customers
15239.0,Loyal_Customers
15240.0,Churned_Customers
15241.0,Churned_Customers
15243.0,Loyal_Customers
15244.0,Churned_Customers
15245.0,Churned_Customers
15246.0,About_to_Churn
15247.0,About_to_Churn
15249.0,New_Customers
15251.0,New_Customers
15252.0,Churned_Customers
15253.0,Churned_Customers
15254.0,About_to_Churn
15255.0,Churned_Customers
15256.0,About_to_Churn
15257.0,About_to_Churn
15258.0,Churned_Customers
15260.0,Churned_Customers
15261.0,About_to_Churn
15262.0,About_to_Churn
15263.0,About_to_Churn
15264.0,Loyal_Customers
15265.0,Churned_Customers
15266.0,About_to_Churn
15267.0,Loyal_Customers
15269.0,Loyal_Customers
15270.0,New_Customers
15271.0,New_Customers
15272.0,Churned_Customers
15274.0,Loyal_Customers
15275.0,Churned_Customers
15276.0,Loyal_Customers
15277.0,Loyal_Customers
15279.0,About_to_Churn
15280.0,About_to_Churn
15281.0,Churned_Customers
15286.0,Loyal_Customers
15287.0,Loyal_Customers
15288.0,Churned_Customers
15289.0,Churned_Customers
15290.0,New_Customers
15291.0,New_Customers
15292.0,About_to_Churn
15296.0,New_Customers
15297.0,Loyal_Customers
15298.0,New_Customers
15299.0,Churned_Customers
15300.0,Loyal_Customers
15301.0,New_Customers
15303.0,About_to_Churn
15304.0,Churned_Customers
15306.0,Churned_Customers
15307.0,About_to_Churn
15308.0,About_to_Churn
15311.0,Churned_Customers
15312.0,Churned_Customers
15313.0,About_to_Churn
15314.0,About_to_Churn
15315.0,Churned_Customers
15316.0,About_to_Churn
15318.0,Loyal_Customers
15319.0,About_to_Churn
15320.0,Loyal_Customers
15321.0,Churned_Customers
15322.0,Churned_Customers
15325.0,About_to_Churn
15326.0,About_to_Churn
15327.0,Loyal_Customers
15329.0,Churned_Customers
15330.0,Loyal_Customers
15333.0,About_to_Churn
15334.0,Churned_Customers
15335.0,Loyal_Customers
15339.0,Churned_Customers
15341.0,Churned_Customers
15342.0,About_to_Churn
15343.0,About_to_Churn
15344.0,Churned_Customers
15345.0,Loyal_Customers
15346.0,About_to_Churn
15347.0,About_to_Churn
15348.0,About_to_Churn
15349.0,Churned_Customers
15350.0,Loyal_Customers
15351.0,New_Customers
15353.0,Churned_Customers
15355.0,Loyal_Customers
15356.0,New_Customers
15358.0,New_Customers
15360.0,Loyal_Customers
15361.0,About_to_Churn
15363.0,Loyal_Customers
15364.0,Churned_Customers
15365.0,New_Customers
15366.0,Churned_Customers
15367.0,Churned_Customers
15368.0,Loyal_Customers
15370.0,Churned_Customers
15372.0,Churned_Customers
15373.0,New_Customers
15374.0,About_to_Churn
15376.0,Churned_Customers
15379.0,Churned_Customers
15380.0,New_Customers
15381.0,About_to_Churn
15382.0,New_Customers
15384.0,Churned_Customers
15385.0,Loyal_Customers
15386.0,About_to_Churn
15389.0,About_to_Churn
15392.0,New_Customers
15393.0,Loyal_Customers
15394.0,New_Customers
15395.0,About_to_Churn
15396.0,About_to_Churn
15397.0,About_to_Churn
15398.0,New_Customers
15399.0,New_Customers
15400.0,About_to_Churn
15402.0,Churned_Customers
15405.0,About_to_Churn
15406.0,Loyal_Customers
15407.0,Churned_Customers
15408.0,About_to_Churn
15410.0,Churned_Customers
15411.0,New_Customers
15412.0,About_to_Churn
15414.0,Loyal_Customers
15415.0,Churned_Customers
15416.0,New_Customers
15417.0,Churned_Customers
15419.0,Loyal_Customers
15421.0,Churned_Customers
15422.0,About_to_Churn
15423.0,Loyal_Customers
15424.0,About_to_Churn
15426.0,New_Customers
15427.0,New_Customers
15428.0,Loyal_Customers
15429.0,Loyal_Customers
15432.0,Loyal_Customers
15433.0,Churned_Customers
15434.0,New_Customers
15435.0,Loyal_Customers
15436.0,New_Customers
15437.0,About_to_Churn
15438.0,About_to_Churn
15440.0,Churned_Customers
15442.0,About_to_Churn
15443.0,New_Customers
15444.0,New_Customers
15445.0,About_to_Churn
15447.0,About_to_Churn
15448.0,About_to_Churn
15449.0,Churned_Customers
15450.0,Loyal_Customers
15452.0,Churned_Customers
15453.0,New_Customers
15454.0,About_to_Churn
15456.0,Churned_Customers
15457.0,About_to_Churn
15458.0,Loyal_Customers
15460.0,About_to_Churn
15462.0,About_to_Churn
15463.0,Loyal_Customers
15464.0,Churned_Customers
15465.0,New_Customers
15466.0,Churned_Customers
15467.0,Loyal_Customers
15468.0,Loyal_Customers
15469.0,Loyal_Customers
15471.0,Loyal_Customers
15472.0,Churned_Customers
15473.0,Loyal_Customers
15475.0,Churned_Customers
15478.0,Churned_Customers
15482.0,New_Customers
15483.0,Churned_Customers
15484.0,New_Customers
15485.0,New_Customers
15488.0,About_to_Churn
15489.0,Churned_Customers
15491.0,Churned_Customers
15492.0,Loyal_Customers
15493.0,New_Customers
15494.0,New_Customers
15497.0,Loyal_Customers
15498.0,New_Customers
15500.0,New_Customers
15502.0,New_Customers
15503.0,About_to_Churn
15504.0,About_to_Churn
15505.0,Churned_Customers
15506.0,New_Customers
15507.0,Churned_Customers
15508.0,Churned_Customers
15510.0,About_to_Churn
15511.0,New_Customers
15512.0,About_to_Churn
15513.0,New_Customers
15514.0,New_Customers
15516.0,Loyal_Customers
15517.0,About_to_Churn
15518.0,Churned_Customers
15520.0,Loyal_Customers
15521.0,New_Customers
15522.0,Loyal_Customers
15523.0,About_to_Churn
15524.0,Loyal_Customers
15525.0,New_Customers
15526.0,Loyal_Customers
15527.0,New_Customers
15528.0,About_to_Churn
15529.0,New_Customers
15530.0,New_Customers
15531.0,New_Customers
15532.0,New_Customers
15533.0,Churned_Customers
15535.0,Churned_Customers
15537.0,About_to_Churn
15539.0,Loyal_Customers
15540.0,Loyal_Customers
15541.0,About_to_Churn
15543.0,About_to_Churn
15544.0,New_Customers
15545.0,Churned_Customers
15547.0,New_Customers
15549.0,Churned_Customers
15550.0,Loyal_Customers
15551.0,Loyal_Customers
15552.0,About_to_Churn
15553.0,Churned_Customers
15554.0,About_to_Churn
15555.0,New_Customers
15556.0,Loyal_Customers
15557.0,Loyal_Customers
15561.0,Loyal_Customers
15562.0,About_to_Churn
15563.0,New_Customers
15565.0,Loyal_Customers
15567.0,Loyal_Customers
15568.0,New_Customers
15569.0,Churned_Customers
15570.0,New_Customers
15571.0,Loyal_Customers
15572.0,New_Customers
15573.0,Churned_Customers
15574.0,Churned_Customers
15576.0,Churned_Customers
15577.0,About_to_Churn
15578.0,About_to_Churn
15579.0,Churned_Customers
15581.0,Churned_Customers
15582.0,Loyal_Customers
15584.0,Churned_Customers
15585.0,About_to_Churn
15587.0,Loyal_Customers
15589.0,About_to_Churn
15592.0,Loyal_Customers
15593.0,About_to_Churn
15594.0,New_Customers
15596.0,Churned_Customers
15597.0,Loyal_Customers
15598.0,Loyal_Customers
15599.0,Churned_Customers
15601.0,New_Customers
15602.0,New_Customers
15603.0,About_to_Churn
15604.0,Loyal_Customers
15605.0,Churned_Customers
15606.0,Churned_Customers
15607.0,About_to_Churn
15608.0,Churned_Customers
15609.0,About_to_Churn
15610.0,About_to_Churn
15611.0,New_Customers
15612.0,Loyal_Customers
15615.0,New_Customers
15618.0,Churned_Customers
15619.0,Loyal_Customers
15620.0,Churned_Customers
15621.0,Loyal_Customers
15622.0,New_Customers
15623.0,About_to_Churn
15624.0,Churned_Customers
15625.0,Churned_Customers
15626.0,Churned_Customers
15628.0,New_Customers
15630.0,Churned_Customers
15632.0,New_Customers
15634.0,Loyal_Customers
15636.0,Churned_Customers
15637.0,Loyal_Customers
15639.0,About_to_Churn
15640.0,New_Customers
15641.0,Churned_Customers
15643.0,Churned_Customers
15644.0,Churned_Customers
15645.0,Loyal_Customers
15646.0,About_to_Churn
15648.0,About_to_Churn
15649.0,About_to_Churn
15651.0,Loyal_Customers
15652.0,About_to_Churn
15653.0,About_to_Churn
15654.0,Loyal_Customers
15655.0,About_to_Churn
15656.0,Churned_Customers
15657.0,Loyal_Customers
15658.0,Churned_Customers
15659.0,Loyal_Customers
15660.0,New_Customers
15661.0,About_to_Churn
15663.0,About_to_Churn
15664.0,Loyal_Customers
15665.0,Churned_Customers
15667.0,Loyal_Customers
15668.0,About_to_Churn
15669.0,Churned_Customers
15670.0,About_to_Churn
15671.0,New_Customers
15673.0,Churned_Customers
15674.0,Churned_Customers
15675.0,Loyal_Customers
15676.0,New_Customers
15677.0,Churned_Customers
15678.0,Loyal_Customers
15679.0,Churned_Customers
15680.0,New_Customers
15681.0,Churned_Customers
15683.0,About_to_Churn
15687.0,New_Customers
15689.0,About_to_Churn
15690.0,Loyal_Customers
15691.0,About_to_Churn
15692.0,Loyal_Customers
15694.0,New_Customers
15695.0,About_to_Churn
15696.0,New_Customers
15699.0,Loyal_Customers
15700.0,Churned_Customers
15701.0,New_Customers
15703.0,About_to_Churn
15704.0,Churned_Customers
15705.0,About_to_Churn
15706.0,Churned_Customers
15707.0,New_Customers
15708.0,New_Customers
15709.0,About_to_Churn
15712.0,New_Customers
15713.0,About_to_Churn
15714.0,Loyal_Customers
15716.0,Churned_Customers
15717.0,About_to_Churn
15719.0,Loyal_Customers
15720.0,Churned_Customers
15721.0,Loyal_Customers
15722.0,Churned_Customers
15723.0,About_to_Churn
15724.0,About_to_Churn
15725.0,Loyal_Customers
15727.0,New_Customers
15729.0,About_to_Churn
15730.0,Churned_Customers
15732.0,About_to_Churn
15733.0,About_to_Churn
15734.0,Churned_Customers
15737.0,New_Customers
15738.0,New_Customers
15739.0,Loyal_Customers
15740.0,Loyal_Customers
15743.0,New_Customers
15744.0,About_to_Churn
15745.0,Churned_Customers
15746.0,About_to_Churn
15747.0,New_Customers
15748.0,Loyal_Customers
15749.0,About_to_Churn
15750.0,New_Customers
15752.0,New_Customers
15753.0,About_to_Churn
15754.0,Loyal_Customers
15755.0,New_Customers
15756.0,Churned_Customers
15757.0,Churned_Customers
15758.0,Loyal_Customers
15759.0,About_to_Churn
15762.0,Churned_Customers
15763.0,Churned_Customers
15764.0,Churned_Customers
15766.0,Loyal_Customers
15768.0,Churned_Customers
15769.0,New_Customers
15773.0,Loyal_Customers
15774.0,Loyal_Customers
15775.0,About_to_Churn
15776.0,About_to_Churn
15777.0,Churned_Customers
15780.0,About_to_Churn
15781.0,Loyal_Customers
15782.0,New_Customers
15783.0,Loyal_Customers
15785.0,New_Customers
15786.0,New_Customers
15787.0,New_Customers
15789.0,About_to_Churn
15790.0,Loyal_Customers
15791.0,Churned_Customers
15793.0,Loyal_Customers
15795.0,Churned_Customers
15796.0,New_Customers
15797.0,Churned_Customers
15799.0,Churned_Customers
15800.0,Churned_Customers
15801.0,Churned_Customers
15802.0,About_to_Churn
15803.0,Loyal_Customers
15804.0,New_Customers
15805.0,New_Customers
15806.0,Churned_Customers
15807.0,Churned_Customers
15808.0,Churned_Customers
15809.0,Loyal_Customers
15810.0,Churned_Customers
15811.0,New_Customers
15812.0,Churned_Customers
15813.0,Churned_Customers
15814.0,New_Customers
15815.0,Churned_Customers
15819.0,Churned_Customers
15820.0,About_to_Churn
15821.0,Churned_Customers
15822.0,Loyal_Customers
15823.0,About_to_Churn
15825.0,About_to_Churn
15826.0,Churned_Customers
15827.0,Churned_Customers
15829.0,Churned_Customers
15830.0,Loyal_Customers
15831.0,Churned_Customers
15832.0,Churned_Customers
15834.0,New_Customers
15835.0,Churned_Customers
15836.0,Loyal_Customers
15837.0,Loyal_Customers
15838.0,New_Customers
15839.0,Churned_Customers
15840.0,Loyal_Customers
15841.0,Churned_Customers
15843.0,About_to_Churn
15844.0,Loyal_Customers
15845.0,New_Customers
15847.0,Loyal_Customers
15850.0,Loyal_Customers
15852.0,About_to_Churn
15853.0,Loyal_Customers
15854.0,New_Customers
15855.0,Churned_Customers
15856.0,New_Customers
15857.0,Loyal_Customers
15858.0,New_Customers
15860.0,Churned_Customers
15861.0,New_Customers
15862.0,New_Customers
15863.0,Loyal_Customers
15864.0,Churned_Customers
15865.0,Churned_Customers
15866.0,About_to_Churn
15867.0,New_Customers
15869.0,About_to_Churn
15870.0,Loyal_Customers
15872.0,Loyal_Customers
15874.0,Churned_Customers
15877.0,New_Customers
15880.0,Churned_Customers
15881.0,About_to_Churn
15882.0,About_to_Churn
15883.0,Loyal_Customers
15885.0,About_to_Churn
15886.0,Loyal_Customers
15888.0,About_to_Churn
15889.0,Churned_Customers
15891.0,Churned_Customers
15894.0,About_to_Churn
15895.0,About_to_Churn
15897.0,About_to_Churn
15898.0,New_Customers
15899.0,About_to_Churn
15900.0,Loyal_Customers
15901.0,Loyal_Customers
15903.0,New_Customers
15904.0,Loyal_Customers
15906.0,New_Customers
15907.0,New_Customers
15909.0,About_to_Churn
15910.0,New_Customers
15912.0,About_to_Churn
15916.0,New_Customers
15917.0,About_to_Churn
15918.0,About_to_Churn
15919.0,New_Customers
15920.0,About_to_Churn
15921.0,About_to_Churn
15922.0,About_to_Churn
15923.0,About_to_Churn
15925.0,About_to_Churn
15930.0,Loyal_Customers
15932.0,New_Customers
15933.0,Churned_Customers
15935.0,About_to_Churn
15937.0,About_to_Churn
15938.0,About_to_Churn
15939.0,Churned_Customers
15940.0,About_to_Churn
15942.0,About_to_Churn
15944.0,About_to_Churn
15945.0,About_to_Churn
15947.0,Churned_Customers
15948.0,New_Customers
15949.0,Loyal_Customers
15950.0,New_Customers
15951.0,Loyal_Customers
15952.0,Churned_Customers
15953.0,New_Customers
15955.0,New_Customers
15957.0,Loyal_Customers
15958.0,About_to_Churn
15963.0,Loyal_Customers
15965.0,New_Customers
15967.0,Loyal_Customers
15969.0,Loyal_Customers
15970.0,About_to_Churn
15971.0,New_Customers
15973.0,About_to_Churn
15974.0,New_Customers
15975.0,Loyal_Customers
15976.0,Churned_Customers
15977.0,Churned_Customers
15978.0,Churned_Customers
15980.0,Churned_Customers
15981.0,New_Customers
15983.0,New_Customers
15984.0,New_Customers
15985.0,Churned_Customers
15986.0,Loyal_Customers
15987.0,New_Customers
15988.0,Loyal_Customers
15990.0,Churned_Customers
15992.0,Loyal_Customers
15993.0,New_Customers
15994.0,Loyal_Customers
15996.0,Churned_Customers
15998.0,New_Customers
16000.0,New_Customers
16003.0,New_Customers
16005.0,New_Customers
16006.0,About_to_Churn
16007.0,New_Customers
16008.0,Loyal_Customers
16009.0,Churned_Customers
16010.0,Churned_Customers
16011.0,New_Customers
16012.0,Churned_Customers
16013.0,New_Customers
16014.0,Churned_Customers
16015.0,New_Customers
16016.0,New_Customers
16017.0,Loyal_Customers
16018.0,Loyal_Customers
16019.0,New_Customers
16020.0,Loyal_Customers
16022.0,Churned_Customers
16023.0,Churned_Customers
16024.0,Loyal_Customers
16025.0,Loyal_Customers
16026.0,Loyal_Customers
16027.0,Churned_Customers
16029.0,New_Customers
16030.0,About_to_Churn
16031.0,Churned_Customers
16033.0,New_Customers
16034.0,About_to_Churn
16036.0,Churned_Customers
16037.0,Churned_Customers
16038.0,Loyal_Customers
16040.0,Churned_Customers
16041.0,Churned_Customers
16042.0,Churned_Customers
16043.0,Churned_Customers
16045.0,Churned_Customers
16048.0,About_to_Churn
16049.0,New_Customers
16050.0,About_to_Churn
16052.0,Loyal_Customers
16053.0,Churned_Customers
16054.0,Churned_Customers
16055.0,About_to_Churn
16056.0,Churned_Customers
16057.0,New_Customers
16059.0,Churned_Customers
16062.0,New_Customers
16063.0,About_to_Churn
16065.0,About_to_Churn
16066.0,New_Customers
16070.0,Loyal_Customers
16071.0,Loyal_Customers
16072.0,About_to_Churn
16073.0,About_to_Churn
16076.0,New_Customers
16078.0,About_to_Churn
16079.0,Loyal_Customers
16080.0,About_to_Churn
16081.0,New_Customers
16083.0,Churned_Customers
16084.0,About_to_Churn
16085.0,New_Customers
16086.0,Churned_Customers
16091.0,About_to_Churn
16092.0,Churned_Customers
16093.0,About_to_Churn
16094.0,New_Customers
16096.0,About_to_Churn
16097.0,About_to_Churn
16098.0,Churned_Customers
16099.0,Churned_Customers
16101.0,Churned_Customers
16102.0,Churned_Customers
16103.0,New_Customers
16104.0,Loyal_Customers
16105.0,About_to_Churn
16106.0,About_to_Churn
16107.0,New_Customers
16108.0,Churned_Customers
16109.0,About_to_Churn
16110.0,New_Customers
16112.0,About_to_Churn
16113.0,About_to_Churn
16114.0,About_to_Churn
16115.0,New_Customers
16116.0,Churned_Customers
16117.0,About_to_Churn
16119.0,Loyal_Customers
16120.0,Churned_Customers
16121.0,Churned_Customers
16122.0,Churned_Customers
16123.0,Loyal_Customers
16124.0,About_to_Churn
16125.0,About_to_Churn
16126.0,New_Customers
16127.0,Churned_Customers
16128.0,New_Customers
16131.0,Churned_Customers
16133.0,New_Customers
16134.0,Loyal_Customers
16135.0,About_to_Churn
16136.0,Churned_Customers
16139.0,Loyal_Customers
16140.0,Churned_Customers
16141.0,Churned_Customers
16142.0,About_to_Churn
16143.0,New_Customers
16144.0,About_to_Churn
16145.0,New_Customers
16146.0,Churned_Customers
16147.0,About_to_Churn
16148.0,About_to_Churn
16149.0,Loyal_Customers
16150.0,Churned_Customers
16152.0,Churned_Customers
16153.0,Churned_Customers
16156.0,New_Customers
16157.0,Loyal_Customers
16159.0,About_to_Churn
16160.0,Churned_Customers
16161.0,New_Customers
16162.0,About_to_Churn
16163.0,About_to_Churn
16164.0,Loyal_Customers
16168.0,New_Customers
16169.0,New_Customers
16170.0,Churned_Customers
16171.0,About_to_Churn
16172.0,Churned_Customers
16173.0,New_Customers
16174.0,Churned_Customers
16175.0,Churned_Customers
16177.0,Loyal_Customers
16178.0,About_to_Churn
16179.0,Loyal_Customers
16180.0,New_Customers
16181.0,About_to_Churn
16182.0,Churned_Customers
16183.0,Loyal_Customers
16184.0,Churned_Customers
16185.0,Loyal_Customers
16186.0,New_Customers
16187.0,New_Customers
16188.0,Churned_Customers
16189.0,Loyal_Customers
16190.0,Loyal_Customers
16191.0,New_Customers
16193.0,About_to_Churn
16198.0,Loyal_Customers
16200.0,New_Customers
16201.0,New_Customers
16202.0,About_to_Churn
16203.0,Churned_Customers
16204.0,Loyal_Customers
16205.0,Churned_Customers
16206.0,Churned_Customers
16207.0,Loyal_Customers
16208.0,Churned_Customers
16209.0,Churned_Customers
16210.0,New_Customers
16211.0,Churned_Customers
16212.0,Loyal_Customers
16213.0,About_to_Churn
16214.0,Churned_Customers
16215.0,About_to_Churn
16216.0,Churned_Customers
16217.0,About_to_Churn
16218.0,New_Customers
16221.0,Churned_Customers
16222.0,Churned_Customers
16224.0,Churned_Customers
16225.0,Churned_Customers
16226.0,About_to_Churn
16227.0,About_to_Churn
16229.0,Churned_Customers
16230.0,Churned_Customers
16232.0,Churned_Customers
16233.0,Loyal_Customers
16235.0,Churned_Customers
16236.0,Loyal_Customers
16239.0,Loyal_Customers
16240.0,New_Customers
16241.0,New_Customers
16242.0,New_Customers
16243.0,Loyal_Customers
16244.0,Churned_Customers
16245.0,New_Customers
16247.0,About_to_Churn
16248.0,About_to_Churn
16249.0,Churned_Customers
16250.0,About_to_Churn
16253.0,Churned_Customers
16255.0,New_Customers
16256.0,About_to_Churn
16257.0,About_to_Churn
16258.0,New_Customers
16260.0,Churned_Customers
16261.0,New_Customers
16265.0,New_Customers
16266.0,Churned_Customers
16268.0,Churned_Customers
16270.0,Churned_Customers
16271.0,New_Customers
16272.0,About_to_Churn
16274.0,Churned_Customers
16275.0,Churned_Customers
16276.0,About_to_Churn
16278.0,Churned_Customers
16279.0,New_Customers
16281.0,Churned_Customers
16282.0,About_to_Churn
16283.0,New_Customers
16284.0,Churned_Customers
16287.0,About_to_Churn
16292.0,About_to_Churn
16293.0,New_Customers
16295.0,New_Customers
16297.0,About_to_Churn
16298.0,Loyal_Customers
16302.0,About_to_Churn
16303.0,New_Customers
16305.0,About_to_Churn
16306.0,Churned_Customers
16308.0,Loyal_Customers
16309.0,Churned_Customers
16311.0,Loyal_Customers
16313.0,Loyal_Customers
16315.0,About_to_Churn
16316.0,Churned_Customers
16317.0,Churned_Customers
16318.0,Loyal_Customers
16319.0,About_to_Churn
16322.0,Loyal_Customers
16323.0,About_to_Churn
16324.0,Churned_Customers
16325.0,Loyal_Customers
16326.0,New_Customers
16327.0,New_Customers
16330.0,Loyal_Customers
16332.0,New_Customers
16333.0,New_Customers
16337.0,Loyal_Customers
16338.0,About_to_Churn
16339.0,About_to_Churn
16340.0,Churned_Customers
16341.0,New_Customers
16342.0,Loyal_Customers
16343.0,Loyal_Customers
16344.0,About_to_Churn
16345.0,Churned_Customers
16347.0,New_Customers
16348.0,New_Customers
16349.0,About_to_Churn
16350.0,Churned_Customers
16351.0,About_to_Churn
16352.0,Loyal_Customers
16353.0,New_Customers
16354.0,Loyal_Customers
16356.0,About_to_Churn
16357.0,Loyal_Customers
16358.0,New_Customers
16359.0,New_Customers
16360.0,New_Customers
16361.0,New_Customers
16362.0,Churned_Customers
16363.0,About_to_Churn
16364.0,Loyal_Customers
16365.0,New_Customers
16366.0,Loyal_Customers
16367.0,Churned_Customers
16368.0,Loyal_Customers
16369.0,New_Customers
16370.0,Churned_Customers
16372.0,Churned_Customers
16374.0,Churned_Customers
16376.0,New_Customers
16377.0,About_to_Churn
16378.0,About_to_Churn
16379.0,New_Customers
16380.0,Churned_Customers
16383.0,Churned_Customers
16384.0,Churned_Customers
16385.0,Churned_Customers
16386.0,Loyal_Customers
16387.0,About_to_Churn
16389.0,Churned_Customers
16392.0,About_to_Churn
16393.0,New_Customers
16394.0,Churned_Customers
16395.0,Churned_Customers
16398.0,Churned_Customers
16399.0,Loyal_Customers
16400.0,About_to_Churn
16401.0,New_Customers
16402.0,About_to_Churn
16403.0,About_to_Churn
16404.0,Loyal_Customers
16405.0,About_to_Churn
16406.0,Loyal_Customers
16407.0,New_Customers
16409.0,New_Customers
16411.0,Loyal_Customers
16412.0,Loyal_Customers
16413.0,Loyal_Customers
16414.0,Loyal_Customers
16415.0,Loyal_Customers
16416.0,Churned_Customers
16418.0,Churned_Customers
16419.0,Churned_Customers
16422.0,New_Customers
16423.0,Loyal_Customers
16424.0,About_to_Churn
16425.0,About_to_Churn
16426.0,New_Customers
16427.0,About_to_Churn
16429.0,About_to_Churn
16430.0,Loyal_Customers
16431.0,Churned_Customers
16432.0,Loyal_Customers
16433.0,Loyal_Customers
16434.0,New_Customers
16438.0,New_Customers
16440.0,New_Customers
16441.0,Loyal_Customers
16442.0,New_Customers
16444.0,Churned_Customers
16445.0,Loyal_Customers
16446.0,About_to_Churn
16447.0,About_to_Churn
16448.0,About_to_Churn
16449.0,Churned_Customers
16450.0,About_to_Churn
16451.0,About_to_Churn
16454.0,Loyal_Customers
16455.0,Churned_Customers
16456.0,Churned_Customers
16457.0,About_to_Churn
16458.0,New_Customers
16460.0,Churned_Customers
16461.0,About_to_Churn
16462.0,About_to_Churn
16463.0,New_Customers
16464.0,New_Customers
16466.0,New_Customers
16468.0,About_to_Churn
16469.0,New_Customers
16470.0,Churned_Customers
16471.0,About_to_Churn
16473.0,About_to_Churn
16474.0,New_Customers
16475.0,Churned_Customers
16477.0,Churned_Customers
16478.0,Loyal_Customers
16479.0,Loyal_Customers
16480.0,Churned_Customers
16482.0,Loyal_Customers
16483.0,About_to_Churn
16484.0,About_to_Churn
16485.0,Churned_Customers
16488.0,Loyal_Customers
16491.0,Churned_Customers
16493.0,Churned_Customers
16494.0,Churned_Customers
16495.0,New_Customers
16496.0,New_Customers
16497.0,New_Customers
16498.0,About_to_Churn
16499.0,About_to_Churn
16500.0,Loyal_Customers
16503.0,Churned_Customers
16504.0,Churned_Customers
16505.0,Loyal_Customers
16506.0,Loyal_Customers
16509.0,About_to_Churn
16510.0,About_to_Churn
16511.0,New_Customers
16513.0,Loyal_Customers
16515.0,Churned_Customers
16516.0,Loyal_Customers
16517.0,About_to_Churn
16518.0,Churned_Customers
16519.0,Loyal_Customers
16520.0,Churned_Customers
16523.0,New_Customers
16525.0,New_Customers
16526.0,About_to_Churn
16527.0,About_to_Churn
16528.0,Loyal_Customers
16529.0,About_to_Churn
16531.0,Churned_Customers
16532.0,Churned_Customers
16533.0,New_Customers
16535.0,Loyal_Customers
16536.0,Churned_Customers
16539.0,New_Customers
16542.0,About_to_Churn
16545.0,About_to_Churn
16546.0,About_to_Churn
16549.0,New_Customers
16550.0,Churned_Customers
16551.0,Churned_Customers
16552.0,About_to_Churn
16553.0,Churned_Customers
16554.0,Churned_Customers
16555.0,Loyal_Customers
16556.0,New_Customers
16557.0,Loyal_Customers
16558.0,New_Customers
16560.0,Churned_Customers
16561.0,Loyal_Customers
16563.0,Churned_Customers
16565.0,About_to_Churn
16566.0,Loyal_Customers
16567.0,Churned_Customers
16569.0,Loyal_Customers
16570.0,New_Customers
16571.0,Churned_Customers
16572.0,Churned_Customers
16573.0,Churned_Customers
16574.0,Loyal_Customers
16581.0,About_to_Churn
16582.0,About_to_Churn
16583.0,About_to_Churn
16584.0,Churned_Customers
16586.0,About_to_Churn
16587.0,About_to_Churn
16589.0,Churned_Customers
16591.0,About_to_Churn
16592.0,New_Customers
16593.0,Loyal_Customers
16594.0,Loyal_Customers
16595.0,Churned_Customers
16596.0,Loyal_Customers
16597.0,Loyal_Customers
16598.0,About_to_Churn
16600.0,New_Customers
16601.0,Loyal_Customers
16602.0,Loyal_Customers
16603.0,Churned_Customers
16607.0,New_Customers
16609.0,New_Customers
16610.0,About_to_Churn
16611.0,About_to_Churn
16612.0,Churned_Customers
16613.0,Churned_Customers
16614.0,About_to_Churn
16616.0,Loyal_Customers
16617.0,About_to_Churn
16618.0,New_Customers
16619.0,About_to_Churn
16620.0,Loyal_Customers
16621.0,Churned_Customers
16623.0,About_to_Churn
16624.0,Churned_Customers
16625.0,About_to_Churn
16626.0,New_Customers
16627.0,Loyal_Customers
16628.0,New_Customers
16629.0,Churned_Customers
16633.0,New_Customers
16634.0,About_to_Churn
16637.0,Churned_Customers
16638.0,New_Customers
16639.0,Churned_Customers
16641.0,About_to_Churn
16642.0,Loyal_Customers
16643.0,About_to_Churn
16644.0,Churned_Customers
16647.0,About_to_Churn
16648.0,Loyal_Customers
16650.0,Loyal_Customers
16652.0,New_Customers
16653.0,New_Customers
16654.0,Churned_Customers
16655.0,New_Customers
16656.0,New_Customers
16657.0,New_Customers
16658.0,About_to_Churn
16659.0,About_to_Churn
16660.0,Loyal_Customers
16665.0,About_to_Churn
16666.0,Loyal_Customers
16667.0,Churned_Customers
16668.0,Loyal_Customers
16669.0,New_Customers
16670.0,New_Customers
16671.0,Loyal_Customers
16672.0,New_Customers
16674.0,Churned_Customers
16676.0,Churned_Customers
16678.0,New_Customers
16679.0,About_to_Churn
16680.0,Loyal_Customers
16681.0,Churned_Customers
16682.0,Loyal_Customers
16684.0,New_Customers
16685.0,Churned_Customers
16686.0,New_Customers
16688.0,New_Customers
16689.0,Loyal_Customers
16690.0,About_to_Churn
16692.0,About_to_Churn
16693.0,Churned_Customers
16696.0,About_to_Churn
16697.0,About_to_Churn
16698.0,About_to_Churn
16700.0,New_Customers
16701.0,New_Customers
16705.0,New_Customers
16706.0,Churned_Customers
16708.0,Loyal_Customers
16709.0,Churned_Customers
16710.0,New_Customers
16711.0,New_Customers
16712.0,New_Customers
16713.0,New_Customers
16714.0,Churned_Customers
16715.0,Loyal_Customers
16716.0,About_to_Churn
16717.0,New_Customers
16718.0,Churned_Customers
16719.0,New_Customers
16720.0,Loyal_Customers
16721.0,About_to_Churn
16722.0,New_Customers
16723.0,Churned_Customers
16725.0,Churned_Customers
16726.0,New_Customers
16727.0,About_to_Churn
16728.0,New_Customers
16729.0,New_Customers
16730.0,Churned_Customers
16732.0,Loyal_Customers
16734.0,Churned_Customers
16735.0,Churned_Customers
16737.0,About_to_Churn
16738.0,About_to_Churn
16739.0,About_to_Churn
16742.0,Loyal_Customers
16743.0,New_Customers
16744.0,New_Customers
16745.0,New_Customers
16746.0,New_Customers
16747.0,Churned_Customers
16748.0,New_Customers
16750.0,Churned_Customers
16751.0,Churned_Customers
16752.0,About_to_Churn
16753.0,Loyal_Customers
16754.0,About_to_Churn
16755.0,Churned_Customers
16756.0,About_to_Churn
16757.0,About_to_Churn
16758.0,Loyal_Customers
16759.0,Loyal_Customers
16761.0,About_to_Churn
16762.0,New_Customers
16763.0,About_to_Churn
16764.0,New_Customers
16765.0,About_to_Churn
16766.0,Churned_Customers
16767.0,New_Customers
16768.0,Churned_Customers
16769.0,About_to_Churn
16770.0,Churned_Customers
16771.0,New_Customers
16773.0,Loyal_Customers
16774.0,Churned_Customers
16775.0,New_Customers
16776.0,Churned_Customers
16777.0,Loyal_Customers
16778.0,About_to_Churn
16779.0,New_Customers
16780.0,Churned_Customers
16781.0,About_to_Churn
16782.0,New_Customers
16784.0,Loyal_Customers
16788.0,Churned_Customers
16789.0,Loyal_Customers
16790.0,New_Customers
16791.0,New_Customers
16792.0,About_to_Churn
16793.0,Loyal_Customers
16794.0,New_Customers
16795.0,About_to_Churn
16796.0,About_to_Churn
16800.0,New_Customers
16801.0,Churned_Customers
16803.0,Loyal_Customers
16804.0,Loyal_Customers
16805.0,Churned_Customers
16806.0,Churned_Customers
16807.0,Churned_Customers
16808.0,About_to_Churn
16809.0,New_Customers
16810.0,About_to_Churn
16811.0,Loyal_Customers
16812.0,About_to_Churn
16813.0,New_Customers
16814.0,New_Customers
16816.0,About_to_Churn
16817.0,New_Customers
16818.0,New_Customers
16820.0,Churned_Customers
16823.0,About_to_Churn
16824.0,Loyal_Customers
16825.0,Loyal_Customers
16826.0,Loyal_Customers
16828.0,About_to_Churn
16829.0,About_to_Churn
16830.0,Loyal_Customers
16832.0,About_to_Churn
16833.0,New_Customers
16834.0,About_to_Churn
16835.0,About_to_Churn
16836.0,Loyal_Customers
16837.0,New_Customers
16838.0,About_to_Churn
16839.0,New_Customers
16841.0,New_Customers
16842.0,Churned_Customers
16843.0,New_Customers
16846.0,Loyal_Customers
16847.0,Loyal_Customers
16848.0,Loyal_Customers
16849.0,About_to_Churn
16850.0,About_to_Churn
16851.0,Loyal_Customers
16852.0,Loyal_Customers
16855.0,Loyal_Customers
16856.0,Loyal_Customers
16858.0,About_to_Churn
16859.0,Churned_Customers
16861.0,About_to_Churn
16863.0,Loyal_Customers
16866.0,About_to_Churn
16869.0,New_Customers
16871.0,New_Customers
16872.0,Loyal_Customers
16873.0,New_Customers
16875.0,Churned_Customers
16877.0,New_Customers
16878.0,About_to_Churn
16880.0,New_Customers
16881.0,About_to_Churn
16882.0,Churned_Customers
16883.0,About_to_Churn
16884.0,Loyal_Customers
16885.0,Loyal_Customers
16887.0,Loyal_Customers
16889.0,Churned_Customers
16891.0,New_Customers
16892.0,New_Customers
16893.0,About_to_Churn
16895.0,Loyal_Customers
16897.0,About_to_Churn
16898.0,Churned_Customers
16899.0,New_Customers
16900.0,New_Customers
16902.0,Churned_Customers
16903.0,Loyal_Customers
16904.0,New_Customers
16905.0,New_Customers
16906.0,Churned_Customers
16907.0,New_Customers
16909.0,Loyal_Customers
16910.0,New_Customers
16912.0,New_Customers
16913.0,About_to_Churn
16914.0,Loyal_Customers
16915.0,Loyal_Customers
16916.0,Churned_Customers
16917.0,About_to_Churn
16918.0,Churned_Customers
16919.0,Churned_Customers
16921.0,Loyal_Customers
16923.0,New_Customers
16924.0,Churned_Customers
16926.0,About_to_Churn
16927.0,About_to_Churn
16928.0,Churned_Customers
16929.0,New_Customers
16930.0,Loyal_Customers
16931.0,New_Customers
16932.0,Loyal_Customers
16933.0,Loyal_Customers
16934.0,Churned_Customers
16936.0,Loyal_Customers
16938.0,New_Customers
16940.0,New_Customers
16942.0,New_Customers
16943.0,Churned_Customers
16945.0,New_Customers
16947.0,About_to_Churn
16948.0,About_to_Churn
16949.0,New_Customers
16950.0,Churned_Customers
16951.0,Churned_Customers
16952.0,About_to_Churn
16953.0,Loyal_Customers
16954.0,New_Customers
16955.0,About_to_Churn
16956.0,Loyal_Customers
16957.0,About_to_Churn
16959.0,About_to_Churn
16960.0,Churned_Customers
16961.0,About_to_Churn
16963.0,About_to_Churn
16965.0,About_to_Churn
16966.0,New_Customers
16967.0,About_to_Churn
16968.0,Loyal_Customers
16969.0,Churned_Customers
16971.0,Loyal_Customers
16976.0,About_to_Churn
16978.0,Loyal_Customers
16979.0,New_Customers
16980.0,Churned_Customers
16982.0,Loyal_Customers
16983.0,New_Customers
16984.0,New_Customers
16985.0,New_Customers
16986.0,Loyal_Customers
16987.0,New_Customers
16988.0,Loyal_Customers
16989.0,Loyal_Customers
16990.0,About_to_Churn
16992.0,New_Customers
16996.0,Churned_Customers
16997.0,About_to_Churn
16998.0,About_to_Churn
16999.0,Loyal_Customers
17001.0,New_Customers
17002.0,Churned_Customers
17004.0,Churned_Customers
17006.0,Loyal_Customers
17007.0,Churned_Customers
17010.0,Loyal_Customers
17011.0,Loyal_Customers
17014.0,Loyal_Customers
17015.0,New_Customers
17017.0,New_Customers
17018.0,Loyal_Customers
17019.0,New_Customers
17022.0,Loyal_Customers
17024.0,About_to_Churn
17025.0,Loyal_Customers
17026.0,About_to_Churn
17027.0,Churned_Customers
17029.0,About_to_Churn
17030.0,About_to_Churn
17031.0,Loyal_Customers
17033.0,Churned_Customers
17034.0,Loyal_Customers
17035.0,About_to_Churn
17037.0,Churned_Customers
17038.0,Loyal_Customers
17040.0,About_to_Churn
17041.0,Churned_Customers
17042.0,New_Customers
17043.0,New_Customers
17044.0,Loyal_Customers
17045.0,About_to_Churn
17046.0,About_to_Churn
17047.0,Churned_Customers
17048.0,Churned_Customers
17049.0,New_Customers
17050.0,New_Customers
17051.0,About_to_Churn
17052.0,Churned_Customers
17053.0,About_to_Churn
17054.0,Churned_Customers
17058.0,Churned_Customers
17059.0,New_Customers
17060.0,About_to_Churn
17061.0,Churned_Customers
17062.0,Churned_Customers
17063.0,New_Customers
17064.0,Churned_Customers
17068.0,New_Customers
17069.0,New_Customers
17070.0,Churned_Customers
17071.0,New_Customers
17073.0,New_Customers
17075.0,Churned_Customers
17076.0,Loyal_Customers
17078.0,Loyal_Customers
17079.0,About_to_Churn
17080.0,Loyal_Customers
17081.0,Loyal_Customers
17082.0,Churned_Customers
17083.0,Churned_Customers
17084.0,New_Customers
17085.0,Churned_Customers
17086.0,New_Customers
17088.0,New_Customers
17090.0,New_Customers
17091.0,New_Customers
17092.0,Churned_Customers
17094.0,About_to_Churn
17095.0,Churned_Customers
17096.0,Churned_Customers
17100.0,Churned_Customers
17101.0,New_Customers
17102.0,About_to_Churn
17105.0,Churned_Customers
17107.0,New_Customers
17109.0,Churned_Customers
17110.0,About_to_Churn
17111.0,Loyal_Customers
17114.0,New_Customers
17115.0,Loyal_Customers
17117.0,About_to_Churn
17118.0,About_to_Churn
17119.0,Loyal_Customers
17120.0,About_to_Churn
17122.0,About_to_Churn
17123.0,About_to_Churn
17124.0,About_to_Churn
17125.0,Loyal_Customers
17126.0,Churned_Customers
17128.0,About_to_Churn
17131.0,New_Customers
17133.0,New_Customers
17134.0,About_to_Churn
17135.0,Churned_Customers
17138.0,About_to_Churn
17139.0,New_Customers
17140.0,About_to_Churn
17142.0,About_to_Churn
17144.0,New_Customers
17146.0,Churned_Customers
17147.0,New_Customers
17148.0,Loyal_Customers
17152.0,Churned_Customers
17153.0,Loyal_Customers
17154.0,Loyal_Customers
17155.0,Loyal_Customers
17157.0,Loyal_Customers
17158.0,Churned_Customers
17159.0,New_Customers
17160.0,New_Customers
17162.0,New_Customers
17163.0,Loyal_Customers
17164.0,New_Customers
17165.0,About_to_Churn
17166.0,Loyal_Customers
17169.0,Churned_Customers
17171.0,About_to_Churn
17172.0,About_to_Churn
17173.0,New_Customers
17174.0,About_to_Churn
17175.0,Churned_Customers
17176.0,About_to_Churn
17179.0,Churned_Customers
17180.0,Churned_Customers
17181.0,Loyal_Customers
17183.0,New_Customers
17186.0,About_to_Churn
17187.0,About_to_Churn
17188.0,New_Customers
17189.0,Churned_Customers
17190.0,Loyal_Customers
17191.0,New_Customers
17193.0,Churned_Customers
17194.0,About_to_Churn
17197.0,Churned_Customers
17198.0,Churned_Customers
17201.0,Loyal_Customers
17203.0,New_Customers
17204.0,Churned_Customers
17205.0,Loyal_Customers
17206.0,Loyal_Customers
17211.0,New_Customers
17212.0,About_to_Churn
17213.0,New_Customers
17214.0,Churned_Customers
17217.0,About_to_Churn
17218.0,New_Customers
17219.0,Loyal_Customers
17220.0,New_Customers
17221.0,Loyal_Customers
17222.0,Loyal_Customers
17223.0,About_to_Churn
17226.0,About_to_Churn
17227.0,Churned_Customers
17228.0,New_Customers
17229.0,Churned_Customers
17230.0,Churned_Customers
17231.0,New_Customers
17232.0,Loyal_Customers
17233.0,Loyal_Customers
17234.0,About_to_Churn
17235.0,Loyal_Customers
17236.0,New_Customers
17237.0,Loyal_Customers
17238.0,New_Customers
17239.0,About_to_Churn
17242.0,Churned_Customers
17243.0,New_Customers
17244.0,Churned_Customers
17245.0,About_to_Churn
17247.0,Loyal_Customers
17248.0,Churned_Customers
17250.0,Loyal_Customers
17251.0,About_to_Churn
17252.0,Churned_Customers
17253.0,Loyal_Customers
17254.0,Loyal_Customers
17255.0,Loyal_Customers
17256.0,About_to_Churn
17259.0,Churned_Customers
17262.0,Churned_Customers
17263.0,About_to_Churn
17265.0,Churned_Customers
17266.0,Loyal_Customers
17267.0,About_to_Churn
17268.0,About_to_Churn
17272.0,Churned_Customers
17274.0,Loyal_Customers
17277.0,Churned_Customers
17278.0,About_to_Churn
17279.0,Loyal_Customers
17282.0,Churned_Customers
17284.0,New_Customers
17286.0,Loyal_Customers
17287.0,New_Customers
17288.0,New_Customers
17289.0,Churned_Customers
17290.0,New_Customers
17291.0,About_to_Churn
17293.0,New_Customers
17295.0,Churned_Customers
17297.0,Loyal_Customers
17298.0,Churned_Customers
17299.0,Loyal_Customers
17301.0,Loyal_Customers
17302.0,New_Customers
17303.0,About_to_Churn
17306.0,New_Customers
17309.0,About_to_Churn
17311.0,Churned_Customers
17312.0,About_to_Churn
17313.0,Churned_Customers
17314.0,New_Customers
17315.0,New_Customers
17317.0,Churned_Customers
17320.0,Churned_Customers
17321.0,New_Customers
17323.0,New_Customers
17324.0,Churned_Customers
17325.0,About_to_Churn
17329.0,Loyal_Customers
17330.0,Loyal_Customers
17331.0,About_to_Churn
17333.0,Churned_Customers
17334.0,About_to_Churn
17337.0,Churned_Customers
17338.0,New_Customers
17339.0,About_to_Churn
17340.0,New_Customers
17341.0,Churned_Customers
17343.0,About_to_Churn
17344.0,Loyal_Customers
17345.0,Loyal_Customers
17346.0,New_Customers
17347.0,About_to_Churn
17348.0,New_Customers
17349.0,About_to_Churn
17350.0,New_Customers
17351.0,Loyal_Customers
17353.0,Churned_Customers
17354.0,Churned_Customers
17356.0,About_to_Churn
17357.0,Loyal_Customers
17358.0,About_to_Churn
17359.0,Loyal_Customers
17360.0,New_Customers
17361.0,Loyal_Customers
17362.0,About_to_Churn
17364.0,New_Customers
17365.0,New_Customers
17367.0,About_to_Churn
17368.0,New_Customers
17370.0,Churned_Customers
17371.0,Loyal_Customers
17372.0,New_Customers
17373.0,Churned_Customers
17374.0,About_to_Churn
17375.0,Churned_Customers
17376.0,Loyal_Customers
17377.0,New_Customers
17379.0,Loyal_Customers
17381.0,New_Customers
17382.0,About_to_Churn
17383.0,Loyal_Customers
17384.0,Loyal_Customers
17385.0,Loyal_Customers
17386.0,New_Customers
17387.0,Churned_Customers
17388.0,Churned_Customers
17389.0,New_Customers
17391.0,About_to_Churn
17392.0,Churned_Customers
17394.0,About_to_Churn
17396.0,Churned_Customers
17397.0,Churned_Customers
17398.0,Churned_Customers
17400.0,Churned_Customers
17402.0,New_Customers
17403.0,Loyal_Customers
17405.0,New_Customers
17406.0,Churned_Customers
17408.0,About_to_Churn
17409.0,About_to_Churn
17410.0,New_Customers
17411.0,Loyal_Customers
17412.0,New_Customers
17414.0,Loyal_Customers
17415.0,Loyal_Customers
17416.0,New_Customers
17418.0,Loyal_Customers
17419.0,New_Customers
17420.0,Loyal_Customers
17422.0,New_Customers
17423.0,Loyal_Customers
17425.0,Loyal_Customers
17426.0,New_Customers
17427.0,About_to_Churn
17428.0,New_Customers
17429.0,Churned_Customers
17430.0,Loyal_Customers
17431.0,About_to_Churn
17432.0,Loyal_Customers
17433.0,Churned_Customers
17434.0,New_Customers
17436.0,Loyal_Customers
17438.0,About_to_Churn
17440.0,About_to_Churn
17442.0,New_Customers
17446.0,About_to_Churn
17447.0,Loyal_Customers
17449.0,New_Customers
17450.0,New_Customers
17451.0,New_Customers
17453.0,Loyal_Customers
17454.0,Churned_Customers
17455.0,About_to_Churn
17456.0,About_to_Churn
17457.0,Churned_Customers
17458.0,Loyal_Customers
17459.0,Churned_Customers
17460.0,Churned_Customers
17461.0,Churned_Customers
17462.0,Churned_Customers
17463.0,New_Customers
17464.0,About_to_Churn
17466.0,Loyal_Customers
17468.0,Loyal_Customers
17469.0,New_Customers
17470.0,Churned_Customers
17472.0,Churned_Customers
17475.0,About_to_Churn
17480.0,Churned_Customers
17481.0,New_Customers
17483.0,Loyal_Customers
17486.0,About_to_Churn
17489.0,Loyal_Customers
17490.0,New_Customers
17491.0,New_Customers
17492.0,About_to_Churn
17495.0,Loyal_Customers
17496.0,About_to_Churn
17498.0,Loyal_Customers
17499.0,Churned_Customers
17500.0,Loyal_Customers
17501.0,About_to_Churn
17502.0,Loyal_Customers
17503.0,Loyal_Customers
17504.0,Churned_Customers
17505.0,Churned_Customers
17506.0,About_to_Churn
17507.0,Churned_Customers
17509.0,New_Customers
17510.0,Loyal_Customers
17511.0,New_Customers
17512.0,New_Customers
17513.0,About_to_Churn
17514.0,About_to_Churn
17515.0,Churned_Customers
17516.0,New_Customers
17517.0,About_to_Churn
17519.0,New_Customers
17520.0,Loyal_Customers
17521.0,Churned_Customers
17522.0,New_Customers
17523.0,Loyal_Customers
17524.0,About_to_Churn
17525.0,About_to_Churn
17526.0,Loyal_Customers
17527.0,Churned_Customers
17528.0,New_Customers
17530.0,New_Customers
17531.0,About_to_Churn
17534.0,Loyal_Customers
17535.0,About_to_Churn
17536.0,About_to_Churn
17537.0,Churned_Customers
17538.0,Loyal_Customers
17540.0,Loyal_Customers
17542.0,About_to_Churn
17545.0,Churned_Customers
17548.0,About_to_Churn
17549.0,Loyal_Customers
17550.0,About_to_Churn
17551.0,About_to_Churn
17552.0,Churned_Customers
17553.0,About_to_Churn
17554.0,New_Customers
17555.0,Churned_Customers
17556.0,About_to_Churn
17557.0,Loyal_Customers
17560.0,Churned_Customers
17561.0,Loyal_Customers
17562.0,New_Customers
17564.0,Loyal_Customers
17566.0,New_Customers
17567.0,New_Customers
17569.0,About_to_Churn
17571.0,New_Customers
17572.0,About_to_Churn
17573.0,Loyal_Customers
17574.0,About_to_Churn
17576.0,New_Customers
17578.0,About_to_Churn
17579.0,Loyal_Customers
17580.0,About_to_Churn
17581.0,New_Customers
17582.0,About_to_Churn
17584.0,New_Customers
17585.0,Churned_Customers
17588.0,Churned_Customers
17589.0,New_Customers
17590.0,New_Customers
17591.0,Churned_Customers
17593.0,New_Customers
17594.0,Churned_Customers
17595.0,Loyal_Customers
17596.0,New_Customers
17597.0,Churned_Customers
17600.0,Loyal_Customers
17601.0,About_to_Churn
17602.0,New_Customers
17603.0,About_to_Churn
17604.0,About_to_Churn
17608.0,Loyal_Customers
17609.0,New_Customers
17611.0,New_Customers
17612.0,Churned_Customers
17613.0,New_Customers
17614.0,Churned_Customers
17615.0,About_to_Churn
17616.0,About_to_Churn
17618.0,New_Customers
17619.0,About_to_Churn
17620.0,About_to_Churn
17621.0,Churned_Customers
17623.0,Loyal_Customers
17624.0,Loyal_Customers
17625.0,New_Customers
17628.0,About_to_Churn
17629.0,New_Customers
17630.0,About_to_Churn
17631.0,Loyal_Customers
17633.0,Churned_Customers
17634.0,New_Customers
17636.0,Loyal_Customers
17637.0,Loyal_Customers
17639.0,About_to_Churn
17640.0,About_to_Churn
17642.0,Churned_Customers
17643.0,About_to_Churn
17644.0,New_Customers
17646.0,Churned_Customers
17647.0,About_to_Churn
17648.0,Churned_Customers
17649.0,Churned_Customers
17650.0,Loyal_Customers
17651.0,New_Customers
17652.0,New_Customers
17653.0,Churned_Customers
17654.0,About_to_Churn
17655.0,New_Customers
17656.0,Churned_Customers
17658.0,Loyal_Customers
17659.0,New_Customers
17660.0,About_to_Churn
17663.0,New_Customers
17664.0,Loyal_Customers
17666.0,Loyal_Customers
17667.0,Churned_Customers
17668.0,Loyal_Customers
17669.0,Churned_Customers
17670.0,About_to_Churn
17671.0,New_Customers
17672.0,Churned_Customers
17673.0,New_Customers
17674.0,Churned_Customers
17675.0,New_Customers
17676.0,New_Customers
17677.0,New_Customers
17678.0,About_to_Churn
17679.0,Churned_Customers
17680.0,Loyal_Customers
17682.0,New_Customers
17684.0,Loyal_Customers
17685.0,New_Customers
17686.0,New_Customers
17690.0,New_Customers
17691.0,About_to_Churn
17692.0,Churned_Customers
17693.0,About_to_Churn
17694.0,About_to_Churn
17695.0,Churned_Customers
17696.0,New_Customers
17697.0,About_to_Churn
17698.0,About_to_Churn
17700.0,New_Customers
17701.0,About_to_Churn
17702.0,Churned_Customers
17703.0,Churned_Customers
17704.0,Churned_Customers
17705.0,New_Customers
17706.0,New_Customers
17707.0,About_to_Churn
17708.0,About_to_Churn
17709.0,About_to_Churn
17711.0,Loyal_Customers
17712.0,Loyal_Customers
17714.0,About_to_Churn
17715.0,About_to_Churn
17716.0,New_Customers
17718.0,About_to_Churn
17719.0,New_Customers
17720.0,Churned_Customers
17722.0,Churned_Customers
17723.0,Churned_Customers
17724.0,Churned_Customers
17725.0,New_Customers
17727.0,New_Customers
17728.0,New_Customers
17730.0,New_Customers
17731.0,Churned_Customers
17732.0,About_to_Churn
17733.0,Churned_Customers
17734.0,Churned_Customers
17735.0,New_Customers
17736.0,Loyal_Customers
17737.0,Loyal_Customers
17738.0,New_Customers
17739.0,New_Customers
17742.0,About_to_Churn
17744.0,New_Customers
17746.0,About_to_Churn
17747.0,About_to_Churn
17749.0,Churned_Customers
17750.0,New_Customers
17752.0,About_to_Churn
17754.0,New_Customers
17757.0,New_Customers
17758.0,New_Customers
17759.0,New_Customers
17760.0,Loyal_Customers
17761.0,Loyal_Customers
17763.0,About_to_Churn
17764.0,Churned_Customers
17765.0,Churned_Customers
17767.0,Loyal_Customers
17768.0,New_Customers
17769.0,New_Customers
17770.0,Churned_Customers
17771.0,Loyal_Customers
17772.0,Loyal_Customers
17774.0,Churned_Customers
17775.0,About_to_Churn
17777.0,New_Customers
17779.0,Churned_Customers
17781.0,About_to_Churn
17783.0,Churned_Customers
17785.0,Loyal_Customers
17786.0,Churned_Customers
17787.0,Churned_Customers
17788.0,Loyal_Customers
17789.0,About_to_Churn
17790.0,New_Customers
17791.0,Loyal_Customers
17793.0,Loyal_Customers
17795.0,About_to_Churn
17796.0,Churned_Customers
17797.0,Churned_Customers
17799.0,New_Customers
17800.0,Churned_Customers
17802.0,Churned_Customers
17805.0,Loyal_Customers
17806.0,Loyal_Customers
17809.0,New_Customers
17811.0,New_Customers
17812.0,New_Customers
17813.0,New_Customers
17816.0,Loyal_Customers
17817.0,Loyal_Customers
17819.0,Churned_Customers
17824.0,Loyal_Customers
17827.0,New_Customers
17830.0,Loyal_Customers
17831.0,Loyal_Customers
17832.0,Loyal_Customers
17835.0,Loyal_Customers
17836.0,Loyal_Customers
17837.0,New_Customers
17838.0,New_Customers
17839.0,Loyal_Customers
17841.0,New_Customers
17843.0,About_to_Churn
17846.0,About_to_Churn
17848.0,Churned_Customers
17849.0,About_to_Churn
17850.0,New_Customers
17852.0,Loyal_Customers
17854.0,About_to_Churn
17855.0,About_to_Churn
17856.0,Loyal_Customers
17857.0,New_Customers
17858.0,New_Customers
17859.0,About_to_Churn
17860.0,About_to_Churn
17861.0,New_Customers
17862.0,About_to_Churn
17863.0,Churned_Customers
17864.0,New_Customers
17865.0,New_Customers
17866.0,About_to_Churn
17867.0,Churned_Customers
17869.0,Churned_Customers
17870.0,New_Customers
17871.0,About_to_Churn
17873.0,Churned_Customers
17874.0,Churned_Customers
17877.0,About_to_Churn
17878.0,Loyal_Customers
17879.0,About_to_Churn
17880.0,About_to_Churn
17881.0,About_to_Churn
17883.0,New_Customers
17884.0,New_Customers
17885.0,Loyal_Customers
17886.0,Churned_Customers
17887.0,About_to_Churn
17888.0,Churned_Customers
17889.0,About_to_Churn
17890.0,Churned_Customers
17891.0,About_to_Churn
17892.0,Loyal_Customers
17893.0,About_to_Churn
17894.0,Churned_Customers
17895.0,Loyal_Customers
17896.0,Loyal_Customers
17897.0,Churned_Customers
17898.0,About_to_Churn
17899.0,About_to_Churn
17900.0,About_to_Churn
17901.0,Loyal_Customers
17904.0,Loyal_Customers
17905.0,Churned_Customers
17906.0,About_to_Churn
17908.0,Loyal_Customers
17911.0,Loyal_Customers
17912.0,About_to_Churn
17913.0,Churned_Customers
17914.0,Loyal_Customers
17917.0,Churned_Customers
17919.0,Churned_Customers
17920.0,New_Customers
17921.0,Churned_Customers
17923.0,About_to_Churn
17924.0,New_Customers
17925.0,About_to_Churn
17926.0,About_to_Churn
17928.0,Loyal_Customers
17929.0,Loyal_Customers
17930.0,Churned_Customers
17931.0,Churned_Customers
17932.0,Churned_Customers
17934.0,Loyal_Customers
17935.0,About_to_Churn
17936.0,Loyal_Customers
17937.0,New_Customers
17939.0,About_to_Churn
17940.0,Churned_Customers
17941.0,About_to_Churn
17942.0,Loyal_Customers
17946.0,About_to_Churn
17947.0,Loyal_Customers
17948.0,About_to_Churn
17949.0,New_Customers
17950.0,Churned_Customers
17951.0,Churned_Customers
17954.0,New_Customers
17955.0,About_to_Churn
17956.0,About_to_Churn
17957.0,Loyal_Customers
17958.0,About_to_Churn
17960.0,About_to_Churn
17961.0,New_Customers
17962.0,About_to_Churn
17964.0,Churned_Customers
17965.0,New_Customers
17966.0,Churned_Customers
17967.0,Loyal_Customers
17968.0,Churned_Customers
17969.0,About_to_Churn
17970.0,About_to_Churn
17972.0,About_to_Churn
17973.0,Loyal_Customers
17974.0,New_Customers
17975.0,New_Customers
17976.0,Churned_Customers
17977.0,Loyal_Customers
17978.0,About_to_Churn
17979.0,Churned_Customers
17980.0,Churned_Customers
17984.0,About_to_Churn
17985.0,Loyal_Customers
17986.0,About_to_Churn
17987.0,About_to_Churn
17988.0,Loyal_Customers
17990.0,About_to_Churn
17991.0,About_to_Churn
17994.0,Churned_Customers
17995.0,About_to_Churn
17997.0,Churned_Customers
17999.0,Churned_Customers
18001.0,Loyal_Customers
18004.0,About_to_Churn
18005.0,Loyal_Customers
18006.0,Loyal_Customers
18008.0,Churned_Customers
18009.0,About_to_Churn
18010.0,About_to_Churn
18011.0,About_to_Churn
18013.0,About_to_Churn
18014.0,Loyal_Customers
18015.0,Loyal_Customers
18016.0,New_Customers
18017.0,About_to_Churn
18018.0,About_to_Churn
18019.0,Loyal_Customers
18022.0,Churned_Customers
18024.0,About_to_Churn
18027.0,About_to_Churn
18030.0,Loyal_Customers
18032.0,About_to_Churn
18033.0,Loyal_Customers
18034.0,Churned_Customers
18035.0,Churned_Customers
18036.0,Churned_Customers
18037.0,About_to_Churn
18040.0,Loyal_Customers
18041.0,New_Customers
18042.0,Loyal_Customers
18043.0,Churned_Customers
18044.0,New_Customers
18045.0,Loyal_Customers
18048.0,About_to_Churn
18050.0,About_to_Churn
18053.0,Loyal_Customers
18055.0,New_Customers
18056.0,About_to_Churn
18058.0,Loyal_Customers
18059.0,Loyal_Customers
18061.0,Churned_Customers
18062.0,Churned_Customers
18064.0,About_to_Churn
18065.0,New_Customers
18066.0,About_to_Churn
18067.0,Loyal_Customers
18068.0,About_to_Churn
18069.0,New_Customers
18071.0,About_to_Churn
18072.0,About_to_Churn
18073.0,Churned_Customers
18074.0,Loyal_Customers
18075.0,New_Customers
18077.0,New_Customers
18078.0,About_to_Churn
18079.0,New_Customers
18080.0,Loyal_Customers
18081.0,Loyal_Customers
18082.0,Churned_Customers
18084.0,Loyal_Customers
18085.0,About_to_Churn
18086.0,About_to_Churn
18087.0,Churned_Customers
18088.0,Loyal_Customers
18092.0,New_Customers
18093.0,Churned_Customers
18094.0,Churned_Customers
18095.0,About_to_Churn
18096.0,New_Customers
18097.0,New_Customers
18099.0,About_to_Churn
18101.0,Loyal_Customers
18102.0,New_Customers
18104.0,Churned_Customers
18105.0,Loyal_Customers
18106.0,About_to_Churn
18108.0,About_to_Churn
18109.0,New_Customers
18110.0,Loyal_Customers
18112.0,Loyal_Customers
18113.0,About_to_Churn
18114.0,About_to_Churn
18116.0,New_Customers
18117.0,Loyal_Customers
18118.0,New_Customers
18119.0,About_to_Churn
18120.0,About_to_Churn
18121.0,Churned_Customers
18122.0,New_Customers
18123.0,Loyal_Customers
18125.0,New_Customers
18126.0,Loyal_Customers
18127.0,Loyal_Customers
18129.0,About_to_Churn
18130.0,New_Customers
18133.0,About_to_Churn
18135.0,Loyal_Customers
18136.0,Churned_Customers
18138.0,About_to_Churn
18139.0,New_Customers
18142.0,Churned_Customers
18143.0,Churned_Customers
18144.0,New_Customers
18145.0,New_Customers
18146.0,About_to_Churn
18147.0,Loyal_Customers
18149.0,Loyal_Customers
18150.0,Loyal_Customers
18151.0,Churned_Customers
18154.0,Loyal_Customers
18155.0,Loyal_Customers
18156.0,New_Customers
18158.0,Loyal_Customers
18159.0,About_to_Churn
18160.0,Churned_Customers
18161.0,New_Customers
18164.0,Loyal_Customers
18165.0,About_to_Churn
18167.0,Churned_Customers
18168.0,Churned_Customers
18169.0,Loyal_Customers
18170.0,Churned_Customers
18171.0,Churned_Customers
18172.0,New_Customers
18173.0,Churned_Customers
18174.0,Loyal_Customers
18176.0,About_to_Churn
18177.0,Churned_Customers
18178.0,Churned_Customers
18179.0,New_Customers
18180.0,New_Customers
18181.0,Loyal_Customers
18183.0,Churned_Customers
18184.0,Loyal_Customers
18185.0,About_to_Churn
18188.0,New_Customers
18189.0,Churned_Customers
18190.0,About_to_Churn
18191.0,About_to_Churn
18192.0,Churned_Customers
18193.0,About_to_Churn
18194.0,Loyal_Customers
18196.0,Churned_Customers
18198.0,New_Customers
18200.0,About_to_Churn
18202.0,Churned_Customers
18203.0,About_to_Churn
18204.0,Churned_Customers
18205.0,Loyal_Customers
18209.0,Loyal_Customers
18210.0,New_Customers
18211.0,Loyal_Customers
18212.0,About_to_Churn
18213.0,About_to_Churn
18215.0,About_to_Churn
18216.0,Loyal_Customers
18217.0,Loyal_Customers
18218.0,About_to_Churn
18219.0,New_Customers
18220.0,About_to_Churn
18221.0,Churned_Customers
18222.0,About_to_Churn
18223.0,New_Customers
18224.0,About_to_Churn
18225.0,New_Customers
18226.0,New_Customers
18227.0,About_to_Churn
18228.0,Churned_Customers
18229.0,New_Customers
18230.0,New_Customers
18231.0,Churned_Customers
18232.0,Churned_Customers
18233.0,About_to_Churn
18235.0,Churned_Customers
18236.0,Churned_Customers
18237.0,New_Customers
18239.0,Churned_Customers
18240.0,Loyal_Customers
18241.0,New_Customers
18242.0,Churned_Customers
18245.0,New_Customers
18246.0,Loyal_Customers
18248.0,Churned_Customers
18249.0,Loyal_Customers
18250.0,About_to_Churn
18251.0,Churned_Customers
18252.0,Churned_Customers
18255.0,About_to_Churn
18257.0,New_Customers
18259.0,Churned_Customers
18260.0,Churned_Customers
18261.0,Loyal_Customers
18262.0,About_to_Churn
18263.0,Churned_Customers
18265.0,Churned_Customers
18268.0,About_to_Churn
18269.0,About_to_Churn
18270.0,Loyal_Customers
18272.0,New_Customers
18273.0,Loyal_Customers
18274.0,Loyal_Customers
18276.0,Loyal_Customers
18277.0,About_to_Churn
18278.0,About_to_Churn
18280.0,About_to_Churn
18281.0,About_to_Churn
18282.0,Loyal_Customers
18283.0,New_Customers
18287.0,Churned_Customers
